trajectory_id,regime_id,run_length_windows
0,6,53
0,5,1
0,6,3
0,5,52
0,7,9
0,2,1
0,7,8
0,2,1
0,7,3
0,2,1
0,7,4
0,2,1
0,7,4
0,2,1
0,7,4
0,2,1
0,7,2
0,2,2
0,7,2
0,2,64
1,6,44
1,5,1
1,6,1
1,5,63
1,7,3
1,4,105
2,6,57
2,5,52
2,7,18
2,2,1
2,7,3
2,2,1
2,7,4
2,2,1
2,7,4
2,2,1
2,7,4
2,2,1
2,7,2
2,2,2
2,7,2
2,2,64
3,6,44
3,5,65
3,7,4
3,4,104
4,6,57
4,5,52
4,7,18
4,2,1
4,7,3
4,2,1
4,7,4
4,2,1
4,7,4
4,2,1
4,7,4
4,2,1
4,7,2
4,2,2
4,7,2
4,2,64
5,1,50
5,0,3
5,1,2
5,0,57
5,7,5
5,4,100
6,1,60
6,0,1
6,1,4
6,0,47
6,7,3
6,3,2
6,7,1
6,3,2
6,7,2
6,3,1
6,7,2
6,3,1
6,7,2
6,3,5
6,7,1
6,3,2
6,7,1
6,3,2
6,7,1
6,3,4
6,7,2
6,3,2
6,7,2
6,3,3
6,7,2
6,3,3
6,7,2
6,3,2
6,7,1
6,3,3
6,7,1
6,3,4
6,7,1
6,3,45
7,1,50
7,0,3
7,1,2
7,0,57
7,7,5
7,4,100
8,1,65
8,0,47
8,7,3
8,3,2
8,7,2
8,3,1
8,7,2
8,3,1
8,7,1
8,3,3
8,7,1
8,3,3
8,7,1
8,3,1
8,7,2
8,3,4
8,7,2
8,3,3
8,7,2
8,3,2
8,7,1
8,3,4
8,7,2
8,3,3
8,7,2
8,3,6
8,7,2
8,3,49
9,1,50
9,0,5
9,1,1
9,0,56
9,7,5
9,4,100
10,6,53
10,5,1
10,6,3
10,5,52
10,7,9
10,2,1
10,7,8
10,2,1
10,7,3
10,2,1
10,7,4
10,2,1
10,7,4
10,2,1
10,7,4
10,2,1
10,7,2
10,2,2
10,7,2
10,2,64
11,6,44
11,5,1
11,6,1
11,5,63
11,7,3
11,4,105
12,6,57
12,5,52
12,7,18
12,2,1
12,7,3
12,2,1
12,7,4
12,2,1
12,7,4
12,2,1
12,7,4
12,2,1
12,7,2
12,2,2
12,7,2
12,2,64
13,6,44
13,5,65
13,7,4
13,4,104
14,6,57
14,5,52
14,7,18
14,2,1
14,7,3
14,2,1
14,7,4
14,2,1
14,7,4
14,2,1
14,7,4
14,2,1
14,7,2
14,2,2
14,7,2
14,2,64
15,1,50
15,0,3
15,1,2
15,0,57
15,7,5
15,4,100
16,1,60
16,0,1
16,1,4
16,0,47
16,7,3
16,3,2
16,7,1
16,3,2
16,7,2
16,3,1
16,7,2
16,3,1
16,7,2
16,3,5
16,7,1
16,3,2
16,7,1
16,3,2
16,7,1
16,3,4
16,7,2
16,3,2
16,7,2
16,3,3
16,7,2
16,3,3
16,7,2
16,3,2
16,7,1
16,3,3
16,7,1
16,3,4
16,7,1
16,3,45
17,1,50
17,0,3
17,1,2
17,0,57
17,7,5
17,4,100
18,1,65
18,0,47
18,7,3
18,3,2
18,7,2
18,3,1
18,7,2
18,3,1
18,7,1
18,3,3
18,7,1
18,3,3
18,7,1
18,3,1
18,7,2
18,3,4
18,7,2
18,3,3
18,7,2
18,3,2
18,7,1
18,3,4
18,7,2
18,3,3
18,7,2
18,3,6
18,7,2
18,3,49
19,1,50
19,0,5
19,1,1
19,0,56
19,7,5
19,4,100
20,1,67
20,0,1
20,1,2
20,0,2
20,1,1
20,0,2
20,1,1
20,0,2
20,1,1
20,0,48
20,7,5
20,3,85
21,1,55
21,0,1
21,1,3
21,0,1
21,1,1
21,0,53
21,7,4
21,4,99
22,6,50
22,5,1
22,6,1
22,5,73
22,7,5
22,4,87
23,1,55
23,0,1
23,1,2
23,0,1
23,1,2
23,0,4
23,1,2
23,0,3
23,1,2
23,0,51
23,7,5
23,3,2
23,7,1
23,3,2
23,7,1
23,3,2
23,7,1
23,3,2
23,7,1
23,3,2
23,7,1
23,3,2
23,7,1
23,3,2
23,7,1
23,3,3
23,7,1
23,3,2
23,7,1
23,3,2
23,7,1
23,3,2
23,7,1
23,3,2
23,7,1
23,3,2
23,7,1
23,3,2
23,7,2
23,3,1
23,7,2
23,3,2
23,7,1
23,3,2
23,7,1
23,3,2
23,7,1
23,3,2
23,7,1
23,3,3
23,7,1
23,3,1
23,7,2
23,3,1
23,7,2
23,3,1
23,7,2
23,3,1
23,7,2
23,3,1
23,7,2
23,3,1
23,7,2
23,3,1
23,7,2
23,3,1
23,7,2
23,3,2
24,6,57
24,5,1
24,6,1
24,5,45
24,7,2
24,2,111
25,6,67
25,5,52
25,7,98
26,1,49
26,0,2
26,1,1
26,0,50
26,7,2
26,3,4
26,7,3
26,3,4
26,7,2
26,3,3
26,7,2
26,3,3
26,7,2
26,3,2
26,7,1
26,3,2
26,7,2
26,3,2
26,7,2
26,3,1
26,7,2
26,3,2
26,7,1
26,3,2
26,7,1
26,3,2
26,7,1
26,3,1
26,7,2
26,3,4
26,7,1
26,3,2
26,7,1
26,3,4
26,7,1
26,3,1
26,7,1
26,3,49
27,6,64
27,5,2
27,6,5
27,5,2
27,6,1
27,5,49
27,7,6
27,2,88
28,6,50
28,5,47
28,7,62
28,2,1
28,7,8
28,2,1
28,7,4
28,2,1
28,7,3
28,2,1
28,7,4
28,2,1
28,7,3
28,2,1
28,7,2
28,2,28
29,6,62
29,5,45
29,7,5
29,2,105
30,6,63
30,5,56
30,7,98
31,6,59
31,5,46
31,7,2
31,2,110
32,6,53
32,5,1
32,6,2
32,5,1
32,6,1
32,5,2
32,6,1
32,5,48
32,7,108
33,1,65
33,0,1
33,1,3
33,0,50
33,7,4
33,3,5
33,7,2
33,3,87
34,6,57
34,5,1
34,6,2
34,5,1
34,6,2
34,5,1
34,6,2
34,5,45
34,7,4
34,2,1
34,7,3
34,2,1
34,7,3
34,2,1
34,7,4
34,2,1
34,7,3
34,2,1
34,7,4
34,2,1
34,7,3
34,2,2
34,7,3
34,2,2
34,7,4
34,2,3
34,7,3
34,2,59
35,1,58
35,0,51
35,7,3
35,3,2
35,7,1
35,3,2
35,7,2
35,3,1
35,7,2
35,3,4
35,7,1
35,3,2
35,7,1
35,3,2
35,7,2
35,3,1
35,7,1
35,3,2
35,7,2
35,3,3
35,7,2
35,3,3
35,7,2
35,3,3
35,7,2
35,3,62
36,6,54
36,5,2
36,6,1
36,5,50
36,7,110
37,1,45
37,0,1
37,1,2
37,0,55
37,7,2
37,4,112
38,6,49
38,5,1
38,6,1
38,5,44
38,7,4
38,2,118
39,6,53
39,5,2
39,6,1
39,5,42
39,7,4
39,2,115
40,1,47
40,0,1
40,1,1
40,0,52
40,7,2
40,4,114
41,6,42
41,5,61
41,7,3
41,4,1
41,7,4
41,4,2
41,7,4
41,4,1
41,7,4
41,4,1
41,7,3
41,4,1
41,7,4
41,4,1
41,7,3
41,4,1
41,7,4
41,4,2
41,7,4
41,4,4
41,7,2
41,4,65
42,6,50
42,5,48
42,7,25
42,2,1
42,7,8
42,2,1
42,7,4
42,2,1
42,7,4
42,2,1
42,7,4
42,2,1
42,7,3
42,2,2
42,7,3
42,2,2
42,7,3
42,2,2
42,7,4
42,2,1
42,7,3
42,2,2
42,7,3
42,2,2
42,7,2
42,2,3
42,7,2
42,2,32
43,1,50
43,0,1
43,1,1
43,0,47
43,7,3
43,3,1
43,7,2
43,3,3
43,7,1
43,3,108
44,1,57
44,0,1
44,1,2
44,0,1
44,1,2
44,0,1
44,1,2
44,0,2
44,1,1
44,0,53
44,7,3
44,3,92
45,6,61
45,5,2
45,6,1
45,5,62
45,7,46
45,2,1
45,7,4
45,2,1
45,7,4
45,2,1
45,7,5
45,2,1
45,7,4
45,2,2
45,7,2
45,2,20
46,1,54
46,0,1
46,1,3
46,0,50
46,7,2
46,3,2
46,7,1
46,3,3
46,7,1
46,3,2
46,7,1
46,3,1
46,7,2
46,3,2
46,7,1
46,3,3
46,7,1
46,3,4
46,7,2
46,3,2
46,7,2
46,3,7
46,7,2
46,3,3
46,7,2
46,3,3
46,7,2
46,3,3
46,7,2
46,3,3
46,7,1
46,3,4
46,7,1
46,3,44
47,6,61
47,5,2
47,6,1
47,5,52
47,7,3
47,2,98
48,1,53
48,0,53
48,7,3
48,3,2
48,7,2
48,3,2
48,7,2
48,3,2
48,7,1
48,3,2
48,7,2
48,3,2
48,7,2
48,3,2
48,7,1
48,3,2
48,7,2
48,3,2
48,7,2
48,3,2
48,7,1
48,3,2
48,7,2
48,3,2
48,7,2
48,3,2
48,7,1
48,3,2
48,7,2
48,3,2
48,7,2
48,3,2
48,7,1
48,3,2
48,7,2
48,3,2
48,7,2
48,3,2
48,7,1
48,3,2
48,7,2
48,3,2
48,7,2
48,3,2
48,7,1
48,3,2
48,7,2
48,3,2
48,7,2
48,3,2
48,7,1
48,3,2
48,7,2
48,3,2
48,7,2
48,3,2
48,7,1
48,3,2
48,7,2
48,3,2
48,7,2
48,3,1
49,6,52
49,5,1
49,6,1
49,5,42
49,7,3
49,2,118
50,1,51
50,0,56
50,7,5
50,4,1
50,7,1
50,4,1
50,7,1
50,4,1
50,7,1
50,4,1
50,7,3
50,4,1
50,7,2
50,4,4
50,7,2
50,4,1
50,7,2
50,4,1
50,7,1
50,4,1
50,7,2
50,4,3
50,7,1
50,4,74
51,6,35
51,5,1
51,6,6
51,5,2
51,6,2
51,5,51
51,7,120
52,1,48
52,0,61
52,7,7
52,4,1
52,7,2
52,4,2
52,7,2
52,4,1
52,7,2
52,4,2
52,7,2
52,4,2
52,7,2
52,4,1
52,7,2
52,4,2
52,7,2
52,4,2
52,7,2
52,4,1
52,7,2
52,4,2
52,7,2
52,4,2
52,7,2
52,4,1
52,7,2
52,4,2
52,7,2
52,4,2
52,7,2
52,4,1
52,7,2
52,4,2
52,7,2
52,4,2
52,7,2
52,4,1
52,7,2
52,4,2
52,7,2
52,4,2
52,7,2
52,4,1
52,7,2
52,4,2
52,7,2
52,4,2
52,7,2
52,4,1
52,7,2
52,4,2
52,7,2
52,4,2
52,7,2
52,4,1
52,7,2
52,4,2
52,7,1
53,6,42
53,5,1
53,6,2
53,5,54
53,7,1
53,4,117
54,1,51
54,0,79
54,7,4
54,4,83
55,1,55
55,0,1
55,1,1
55,0,2
55,1,1
55,0,47
55,7,5
55,3,4
55,7,3
55,3,5
55,7,2
55,3,3
55,7,2
55,3,2
55,7,2
55,3,1
55,7,2
55,3,2
55,7,2
55,3,2
55,7,2
55,3,2
55,7,2
55,3,2
55,7,2
55,3,3
55,7,2
55,3,2
55,7,1
55,3,3
55,7,1
55,3,4
55,7,1
55,3,46
56,1,49
56,0,1
56,1,1
56,0,52
56,7,2
56,4,112
57,6,62
57,5,64
57,7,6
57,2,85
58,6,45
58,5,1
58,6,2
58,5,45
58,7,60
58,2,1
58,7,3
58,2,1
58,7,4
58,2,1
58,7,13
58,2,1
58,7,4
58,2,1
58,7,4
58,2,1
58,7,4
58,2,1
58,7,4
58,2,2
58,7,4
58,2,1
58,7,2
58,2,2
58,7,2
58,2,1
58,7,4
58,2,3
59,6,52
59,5,1
59,6,1
59,5,48
59,7,3
59,2,112
60,1,57
60,0,1
60,1,2
60,0,1
60,1,2
60,0,2
60,1,1
60,0,2
60,1,1
60,0,39
60,7,2
60,3,107
61,1,67
61,0,45
61,7,4
61,3,4
61,7,2
61,3,95
62,1,55
62,0,70
62,7,6
62,4,1
62,7,1
62,4,3
62,7,8
62,4,4
62,7,5
62,4,4
62,7,2
62,4,3
62,7,2
62,4,3
62,7,2
62,4,3
62,7,2
62,4,2
62,7,2
62,4,2
62,7,2
62,4,2
62,7,2
62,4,1
62,7,2
62,4,2
62,7,2
62,4,2
62,7,2
62,4,1
62,7,2
62,4,2
62,7,2
62,4,1
62,7,3
62,4,1
62,7,5
62,4,1
62,7,2
63,1,49
63,0,2
63,1,1
63,0,2
63,1,1
63,0,69
63,7,6
63,4,87
64,1,60
64,0,1
64,1,2
64,0,1
64,1,2
64,0,2
64,1,1
64,0,55
64,7,3
64,3,3
64,7,1
64,3,6
64,7,1
64,3,79
65,1,47
65,0,1
65,1,2
65,0,1
65,1,1
65,0,47
65,7,2
65,3,1
65,7,2
65,3,3
65,7,2
65,3,3
65,7,2
65,3,3
65,7,2
65,3,2
65,7,2
65,3,2
65,7,1
65,3,2
65,7,2
65,3,2
65,7,2
65,3,2
65,7,1
65,3,2
65,7,2
65,3,2
65,7,2
65,3,2
65,7,1
65,3,3
65,7,1
65,3,2
65,7,2
65,3,2
65,7,1
65,3,2
65,7,2
65,3,1
65,7,2
65,3,2
65,7,1
65,3,2
65,7,1
65,3,2
65,7,2
65,3,2
65,7,1
65,3,2
65,7,1
65,3,2
65,7,2
65,3,1
65,7,2
65,3,2
65,7,1
65,3,2
65,7,1
65,3,2
65,7,2
65,3,1
65,7,2
65,3,1
65,7,2
65,3,1
65,7,2
65,3,1
65,7,2
65,3,1
65,7,2
65,3,1
65,7,2
66,6,56
66,5,52
66,7,4
66,2,105
67,6,57
67,5,1
67,6,4
67,5,59
67,7,53
67,2,1
67,7,8
67,2,1
67,7,8
67,2,1
67,7,4
67,2,1
67,7,4
67,2,1
67,7,4
67,2,1
67,7,4
67,2,1
67,7,4
68,1,68
68,0,40
68,7,2
68,3,107
69,6,51
69,5,45
69,7,3
69,2,118
70,1,71
70,0,1
70,1,4
70,0,1
70,1,4
70,0,1
70,1,1
70,0,46
70,7,4
70,3,84
71,1,50
71,0,1
71,1,2
71,0,1
71,1,2
71,0,1
71,1,2
71,0,49
71,7,4
71,3,1
71,7,2
71,3,3
71,7,2
71,3,2
71,7,1
71,3,2
71,7,2
71,3,2
71,7,2
71,3,2
71,7,1
71,3,3
71,7,1
71,3,2
71,7,2
71,3,2
71,7,1
71,3,3
71,7,1
71,3,2
71,7,2
71,3,2
71,7,1
71,3,2
71,7,1
71,3,2
71,7,1
71,3,2
71,7,1
71,3,2
71,7,1
71,3,3
71,7,1
71,3,1
71,7,2
71,3,1
71,7,2
71,3,1
71,7,2
71,3,1
71,7,2
71,3,1
71,7,2
71,3,1
71,7,2
71,3,1
71,7,2
71,3,1
71,7,2
71,3,1
71,7,2
71,3,1
71,7,2
71,3,1
71,7,2
71,3,1
71,7,2
71,3,1
71,7,2
71,3,1
71,7,2
71,3,1
71,7,2
72,1,57
72,0,1
72,1,2
72,0,1
72,1,2
72,0,1
72,1,1
72,0,51
72,7,4
72,3,3
72,7,2
72,3,2
72,7,1
72,3,2
72,7,2
72,3,3
72,7,3
72,3,3
72,7,2
72,3,2
72,7,1
72,3,4
72,7,2
72,3,65
73,6,52
73,5,59
73,7,106
74,1,51
74,0,1
74,1,2
74,0,1
74,1,2
74,0,53
74,7,5
74,3,2
74,7,2
74,3,3
74,7,2
74,3,3
74,7,2
74,3,3
74,7,1
74,3,2
74,7,2
74,3,2
74,7,2
74,3,2
74,7,1
74,3,2
74,7,2
74,3,2
74,7,1
74,3,2
74,7,1
74,3,2
74,7,1
74,3,2
74,7,1
74,3,2
74,7,1
74,3,2
74,7,1
74,3,2
74,7,1
74,3,1
74,7,1
74,3,1
74,7,2
74,3,3
74,7,2
74,3,3
74,7,2
74,3,3
74,7,2
74,3,3
74,7,2
74,3,3
74,7,1
74,3,1
74,7,1
74,3,3
74,7,1
74,3,3
74,7,1
74,3,9
75,1,51
75,0,58
75,7,4
75,4,104
76,1,58
76,0,2
76,1,1
76,0,49
76,7,2
76,3,4
76,7,4
76,3,4
76,7,2
76,3,3
76,7,2
76,3,3
76,7,2
76,3,6
76,7,1
76,3,3
76,7,1
76,3,3
76,7,1
76,3,2
76,7,1
76,3,5
76,7,1
76,3,57
77,6,57
77,5,2
77,6,1
77,5,41
77,7,47
77,2,1
77,7,3
77,2,1
77,7,8
77,2,1
77,7,4
77,2,1
77,7,3
77,2,2
77,7,2
77,2,1
77,7,3
77,2,39
78,6,48
78,5,1
78,6,2
78,5,1
78,6,2
78,5,1
78,6,1
78,5,1
78,6,1
78,5,61
78,7,98
79,6,64
79,5,52
79,7,13
79,2,1
79,7,3
79,2,1
79,7,8
79,2,1
79,7,4
79,2,1
79,7,4
79,2,1
79,7,4
79,2,1
79,7,4
79,2,1
79,7,4
79,2,1
79,7,4
79,2,1
79,7,3
79,2,2
79,7,3
79,2,2
79,7,2
79,2,32
80,1,64
80,0,60
80,7,5
80,3,1
80,7,2
80,3,1
80,7,2
80,3,2
80,7,2
80,3,4
80,7,1
80,3,2
80,7,1
80,3,4
80,7,1
80,3,5
80,7,2
80,3,4
80,7,1
80,3,53
81,1,51
81,0,2
81,1,1
81,0,2
81,1,1
81,0,54
81,7,3
81,3,103
82,1,70
82,0,53
82,7,14
82,3,15
82,7,4
82,3,5
82,7,4
82,3,5
82,7,3
82,3,3
82,7,2
82,3,3
82,7,2
82,3,3
82,7,2
82,3,3
82,7,2
82,3,2
82,7,2
82,3,2
82,7,1
82,3,2
82,7,1
82,3,4
82,7,1
82,3,2
82,7,2
82,3,3
82,7,2
83,1,58
83,0,1
83,1,1
83,0,64
83,7,6
83,3,3
83,7,2
83,3,3
83,7,2
83,3,3
83,7,2
83,3,3
83,7,2
83,3,2
83,7,2
83,3,2
83,7,1
83,3,2
83,7,2
83,3,2
83,7,2
83,3,2
83,7,1
83,3,2
83,7,2
83,3,2
83,7,2
83,3,2
83,7,1
83,3,2
83,7,2
83,3,2
83,7,2
83,3,2
83,7,1
83,3,2
83,7,2
83,3,2
83,7,2
83,3,2
83,7,1
83,3,2
83,7,2
83,3,2
83,7,2
83,3,2
83,7,1
83,3,2
83,7,2
83,3,1
84,1,55
84,0,1
84,1,1
84,0,66
84,7,5
84,4,89
85,6,47
85,5,1
85,6,2
85,5,1
85,6,4
85,5,49
85,7,113
86,1,58
86,0,2
86,1,1
86,0,37
86,7,16
86,3,5
86,7,4
86,3,4
86,7,5
86,3,5
86,7,3
86,3,2
86,7,3
86,3,1
86,7,2
86,3,2
86,7,1
86,3,3
86,7,2
86,3,3
86,7,2
86,3,2
86,7,2
86,3,2
86,7,2
86,3,3
86,7,2
86,3,3
86,7,1
86,3,4
86,7,2
86,3,33
87,1,36
87,0,1
87,1,1
87,0,2
87,1,1
87,0,2
87,1,1
87,0,53
87,7,2
87,3,1
87,7,2
87,3,2
87,7,2
87,3,2
87,7,1
87,3,2
87,7,2
87,3,2
87,7,2
87,3,2
87,7,1
87,3,2
87,7,2
87,3,2
87,7,2
87,3,2
87,7,1
87,3,3
87,7,1
87,3,2
87,7,2
87,3,2
87,7,1
87,3,2
87,7,2
87,3,2
87,7,2
87,3,2
87,7,1
87,3,3
87,7,1
87,3,2
87,7,2
87,3,2
87,7,1
87,3,2
87,7,2
87,3,2
87,7,2
87,3,2
87,7,1
87,3,3
87,7,1
87,3,2
87,7,2
87,3,2
87,7,1
87,3,2
87,7,2
87,3,2
87,7,2
87,3,2
87,7,1
87,3,2
87,7,2
87,3,2
87,7,2
87,3,2
87,7,1
87,3,3
87,7,1
87,3,2
87,7,2
87,3,1
88,6,48
88,5,2
88,6,1
88,5,1
88,6,3
88,5,64
88,7,62
88,4,1
88,7,3
88,4,1
88,7,4
88,4,1
88,7,4
88,4,1
88,7,4
88,4,1
88,7,3
88,4,2
88,7,4
88,4,1
88,7,2
88,4,1
88,7,3
89,1,46
89,0,2
89,1,1
89,0,60
89,7,7
89,4,1
89,7,4
89,4,1
89,7,1
89,4,1
89,7,2
89,4,1
89,7,4
89,4,3
89,7,1
89,4,1
89,7,4
89,4,77
90,6,51
90,5,55
90,7,111
91,1,57
91,0,1
91,1,2
91,0,2
91,1,1
91,0,2
91,1,1
91,0,57
91,7,6
91,3,2
91,7,3
91,3,2
91,7,3
91,3,2
91,7,3
91,3,2
91,7,3
91,3,2
91,7,3
91,3,2
91,7,3
91,3,2
91,7,3
91,3,2
91,7,3
91,3,2
91,7,3
91,3,2
91,7,3
91,3,2
91,7,3
91,3,2
91,7,3
91,3,2
91,7,3
91,3,2
91,7,3
91,3,2
91,7,3
91,3,2
91,7,3
91,3,2
91,7,3
91,3,2
91,7,1
92,1,48
92,0,2
92,1,1
92,0,55
92,7,2
92,4,19
92,7,5
92,4,4
92,7,5
92,4,4
92,7,5
92,4,4
92,7,5
92,4,2
92,7,3
92,4,2
92,7,3
92,4,2
92,7,3
92,4,2
92,7,3
92,4,2
92,7,3
92,4,2
92,7,3
92,4,2
92,7,3
92,4,2
92,7,3
92,4,2
92,7,3
92,4,2
92,7,3
92,4,2
92,7,3
92,4,2
92,7,1
93,1,53
93,0,1
93,1,2
93,0,1
93,1,1
93,0,3
93,1,1
93,0,35
93,7,2
93,3,118
94,1,52
94,0,49
94,7,3
94,3,3
94,7,2
94,3,3
94,7,2
94,3,2
94,7,1
94,3,4
94,7,1
94,3,3
94,7,1
94,3,91
95,1,54
95,0,47
95,7,11
95,3,2
95,7,5
95,3,1
95,7,11
95,3,1
95,7,10
95,3,3
95,7,3
95,3,4
95,7,3
95,3,4
95,7,10
95,3,2
95,7,3
95,3,5
95,7,8
95,3,5
95,7,4
95,3,5
95,7,4
95,3,3
95,7,2
95,3,3
95,7,2
95,3,2
96,6,58
96,5,52
96,7,4
96,2,103
97,1,47
97,0,1
97,1,1
97,0,60
97,7,4
97,4,1
97,7,2
97,4,3
97,7,2
97,4,3
97,7,2
97,4,3
97,7,2
97,4,3
97,7,2
97,4,3
97,7,2
97,4,3
97,7,2
97,4,3
97,7,2
97,4,3
97,7,2
97,4,3
97,7,2
97,4,3
97,7,2
97,4,3
97,7,2
97,4,3
97,7,2
97,4,3
97,7,2
97,4,3
97,7,2
97,4,3
97,7,2
97,4,3
97,7,2
97,4,3
97,7,2
97,4,3
97,7,2
97,4,3
97,7,2
97,4,3
97,7,2
97,4,1
98,1,70
98,0,2
98,1,4
98,0,45
98,7,2
98,3,1
98,7,2
98,3,2
98,7,2
98,3,2
98,7,2
98,3,3
98,7,2
98,3,3
98,7,2
98,3,3
98,7,2
98,3,3
98,7,2
98,3,3
98,7,2
98,3,3
98,7,2
98,3,3
98,7,2
98,3,3
98,7,2
98,3,3
98,7,2
98,3,3
98,7,2
98,3,3
98,7,2
98,3,3
98,7,2
98,3,3
98,7,2
98,3,3
98,7,2
98,3,3
98,7,2
98,3,3
98,7,2
98,3,3
99,1,68
99,0,47
99,7,5
99,3,5
99,7,4
99,3,5
99,7,4
99,3,5
99,7,2
99,3,3
99,7,2
99,3,2
99,7,3
99,3,2
99,7,3
99,3,3
99,7,2
99,3,2
99,7,3
99,3,3
99,7,2
99,3,3
99,7,2
99,3,3
99,7,2
99,3,3
99,7,2
99,3,3
99,7,2
99,3,3
99,7,2
99,3,3
99,7,2
99,3,2
99,7,2
99,3,2
99,7,1
99,3,2
99,7,2
99,3,1
100,1,48
100,0,1
100,1,2
100,0,2
100,1,1
100,0,59
100,7,2
100,3,2
100,7,2
100,3,1
100,7,3
100,3,1
100,7,2
100,3,2
100,7,2
100,3,1
100,7,3
100,3,1
100,7,2
100,3,2
100,7,2
100,3,1
100,7,3
100,3,1
100,7,2
100,3,2
100,7,2
100,3,1
100,7,3
100,3,1
100,7,2
100,3,2
100,7,2
100,3,1
100,7,3
100,3,1
100,7,2
100,3,2
100,7,2
100,3,1
100,7,3
100,3,1
100,7,2
100,3,2
100,7,2
100,3,1
100,7,3
100,3,1
100,7,2
100,3,2
100,7,2
100,3,1
100,7,3
100,3,1
100,7,2
100,3,2
100,7,2
100,3,1
100,7,2
100,3,2
100,7,2
100,3,2
100,7,1
101,6,57
101,5,52
101,7,11
101,2,1
101,7,4
101,2,1
101,7,4
101,2,2
101,7,2
101,2,2
101,7,2
101,2,79
102,6,44
102,5,2
102,6,1
102,5,57
102,7,113
103,6,59
103,5,49
103,7,38
103,2,1
103,7,8
103,2,1
103,7,4
103,2,2
103,7,4
103,2,1
103,7,4
103,2,2
103,7,4
103,2,4
103,7,3
103,2,33
104,6,47
104,5,59
104,7,6
104,4,2
104,7,1
104,4,102
105,1,48
105,0,2
105,1,1
105,0,49
105,7,3
105,4,1
105,7,2
105,4,1
105,7,3
105,4,1
105,7,2
105,4,1
105,7,2
105,4,1
105,7,2
105,4,1
105,7,2
105,4,1
105,7,3
105,4,1
105,7,2
105,4,1
105,7,2
105,4,2
105,7,2
105,4,1
105,7,2
105,4,1
105,7,2
105,4,1
105,7,2
105,4,1
105,7,3
105,4,1
105,7,2
105,4,1
105,7,2
105,4,2
105,7,2
105,4,1
105,7,2
105,4,1
105,7,2
105,4,1
105,7,2
105,4,1
105,7,3
105,4,1
105,7,2
105,4,1
105,7,2
105,4,2
105,7,2
105,4,1
105,7,2
105,4,1
105,7,2
105,4,1
105,7,2
105,4,1
105,7,3
105,4,1
105,7,2
105,4,1
105,7,2
105,4,2
105,7,2
105,4,1
105,7,2
105,4,1
105,7,2
105,4,2
105,7,2
105,4,1
105,7,1
106,6,48
106,5,1
106,6,2
106,5,1
106,6,1
106,5,41
106,7,63
106,2,1
106,7,3
106,2,1
106,7,4
106,2,1
106,7,4
106,2,1
106,7,3
106,2,1
106,7,4
106,2,37
107,1,64
107,0,1
107,1,2
107,0,1
107,1,2
107,0,38
107,7,3
107,3,106
108,6,44
108,5,1
108,6,2
108,5,67
108,7,4
108,4,99
109,1,46
109,0,1
109,1,1
109,0,53
109,7,1
109,4,1
109,7,2
109,4,1
109,7,1
109,4,2
109,7,1
109,4,1
109,7,2
109,4,1
109,7,1
109,4,1
109,7,2
109,4,1
109,7,1
109,4,1
109,7,2
109,4,1
109,7,2
109,4,1
109,7,2
109,4,1
109,7,1
109,4,2
109,7,1
109,4,1
109,7,2
109,4,1
109,7,2
109,4,1
109,7,1
109,4,1
109,7,2
109,4,2
109,7,1
109,4,2
109,7,1
109,4,2
109,7,1
109,4,2
109,7,1
109,4,2
109,7,1
109,4,2
109,7,1
109,4,2
109,7,1
109,4,2
109,7,1
109,4,2
109,7,1
109,4,2
109,7,1
109,4,2
109,7,1
109,4,2
109,7,1
109,4,2
109,7,1
109,4,2
109,7,1
109,4,2
109,7,1
109,4,2
109,7,1
109,4,2
109,7,1
109,4,2
109,7,1
109,4,1
109,7,2
109,4,1
109,7,2
109,4,1
109,7,2
109,4,1
109,7,2
109,4,1
109,7,2
109,4,1
109,7,2
110,6,49
110,5,5
110,6,3
110,5,2
110,6,1
110,5,1
110,6,1
110,5,36
110,7,2
110,2,117
111,1,69
111,0,50
111,7,5
111,3,2
111,7,4
111,3,5
111,7,4
111,3,5
111,7,4
111,3,5
111,7,4
111,3,5
111,7,3
111,3,3
111,7,2
111,3,3
111,7,2
111,3,3
111,7,2
111,3,3
111,7,2
111,3,3
111,7,2
111,3,3
111,7,2
111,3,3
111,7,2
111,3,3
111,7,2
111,3,3
111,7,2
111,3,3
111,7,2
111,3,2
112,1,55
112,0,1
112,1,2
112,0,1
112,1,2
112,0,1
112,1,2
112,0,45
112,7,4
112,3,2
112,7,1
112,3,3
112,7,1
112,3,2
112,7,2
112,3,2
112,7,1
112,3,2
112,7,2
112,3,2
112,7,2
112,3,2
112,7,1
112,3,2
112,7,2
112,3,2
112,7,2
112,3,2
112,7,1
112,3,2
112,7,2
112,3,2
112,7,2
112,3,2
112,7,1
112,3,2
112,7,1
112,3,2
112,7,1
112,3,2
112,7,1
112,3,2
112,7,1
112,3,2
112,7,1
112,3,2
112,7,1
112,3,2
112,7,1
112,3,2
112,7,1
112,3,2
112,7,1
112,3,2
112,7,1
112,3,2
112,7,1
112,3,2
112,7,1
112,3,2
112,7,1
112,3,2
112,7,1
112,3,2
112,7,1
112,3,2
112,7,1
112,3,2
112,7,1
112,3,2
112,7,1
112,3,2
112,7,1
113,6,57
113,5,45
113,7,18
113,2,97
114,1,55
114,0,1
114,1,2
114,0,2
114,1,1
114,0,66
114,7,5
114,3,1
114,7,2
114,3,1
114,7,2
114,3,2
114,7,2
114,3,2
114,7,2
114,3,1
114,7,2
114,3,2
114,7,2
114,3,2
114,7,2
114,3,1
114,7,2
114,3,2
114,7,2
114,3,3
114,7,1
114,3,2
114,7,2
114,3,3
114,7,2
114,3,1
114,7,2
114,3,2
114,7,2
114,3,2
114,7,2
114,3,1
114,7,2
114,3,3
114,7,3
114,3,2
114,7,2
114,3,1
114,7,2
114,3,2
114,7,2
114,3,2
114,7,2
114,3,1
114,7,2
114,3,2
115,1,53
115,0,1
115,1,2
115,0,2
115,1,2
115,0,47
115,7,4
115,3,2
115,7,1
115,3,3
115,7,2
115,3,2
115,7,2
115,3,3
115,7,1
115,3,4
115,7,1
115,3,1
115,7,2
115,3,4
115,7,1
115,3,2
115,7,1
115,3,4
115,7,2
115,3,3
115,7,2
115,3,3
115,7,2
115,3,7
115,7,2
115,3,4
115,7,1
115,3,1
115,7,1
115,3,42
116,1,42
116,0,4
116,1,1
116,0,53
116,7,6
116,4,2
116,7,2
116,4,1
116,7,2
116,4,2
116,7,2
116,4,2
116,7,2
116,4,1
116,7,2
116,4,2
116,7,1
116,4,2
116,7,1
116,4,2
116,7,1
116,4,2
116,7,1
116,4,1
116,7,2
116,4,1
116,7,2
116,4,1
116,7,1
116,4,2
116,7,3
116,4,1
116,7,1
116,4,1
116,7,2
116,4,1
116,7,1
116,4,1
116,7,2
116,4,1
116,7,1
116,4,2
116,7,2
116,4,1
116,7,1
116,4,50
117,6,53
117,5,2
117,6,1
117,5,45
117,7,3
117,2,113
118,1,48
118,0,1
118,1,2
118,0,1
118,1,2
118,0,1
118,1,2
118,0,1
118,1,2
118,0,57
118,7,3
118,3,2
118,7,2
118,3,1
118,7,1
118,3,3
118,7,2
118,3,1
118,7,1
118,3,4
118,7,2
118,3,2
118,7,1
118,3,4
118,7,2
118,3,3
118,7,2
118,3,3
118,7,1
118,3,5
118,7,2
118,3,3
118,7,2
118,3,4
118,7,2
118,3,5
118,7,2
118,3,35
119,6,62
119,5,49
119,7,53
119,2,1
119,7,4
119,2,1
119,7,4
119,2,1
119,7,6
119,2,1
119,7,6
119,2,1
119,7,6
119,2,1
119,7,4
119,2,1
119,7,4
119,2,2
119,7,4
119,2,1
119,7,4
119,2,1
120,1,58
120,0,51
120,7,3
120,3,1
120,7,2
120,3,2
120,7,2
120,3,2
120,7,1
120,3,3
120,7,1
120,3,2
120,7,2
120,3,1
120,7,2
120,3,1
120,7,1
120,3,5
120,7,1
120,3,2
120,7,1
120,3,2
120,7,1
120,3,70
121,1,49
121,0,1
121,1,2
121,0,51
121,7,6
121,4,2
121,7,8
121,4,1
121,7,2
121,4,1
121,7,7
121,4,1
121,7,6
121,4,1
121,7,3
121,4,1
121,7,3
121,4,1
121,7,2
121,4,1
121,7,2
121,4,3
121,7,2
121,4,61
122,1,63
122,0,46
122,7,2
122,3,1
122,7,1
122,3,2
122,7,2
122,3,2
122,7,2
122,3,2
122,7,1
122,3,2
122,7,2
122,3,2
122,7,2
122,3,2
122,7,1
122,3,2
122,7,2
122,3,2
122,7,2
122,3,2
122,7,1
122,3,2
122,7,2
122,3,2
122,7,2
122,3,2
122,7,1
122,3,2
122,7,2
122,3,2
122,7,2
122,3,2
122,7,1
122,3,3
122,7,1
122,3,2
122,7,2
122,3,2
122,7,1
122,3,3
122,7,1
122,3,2
122,7,2
122,3,2
122,7,1
122,3,3
122,7,1
122,3,2
122,7,1
122,3,3
122,7,1
122,3,1
122,7,2
122,3,2
122,7,1
122,3,2
122,7,2
122,3,3
122,7,1
122,3,2
123,1,69
123,0,2
123,1,3
123,0,2
123,1,1
123,0,1
123,1,1
123,0,43
123,7,3
123,3,2
123,7,4
123,3,5
123,7,4
123,3,4
123,7,2
123,3,3
123,7,2
123,3,3
123,7,2
123,3,3
123,7,2
123,3,3
123,7,2
123,3,3
123,7,2
123,3,3
123,7,2
123,3,3
123,7,2
123,3,3
123,7,2
123,3,3
123,7,1
123,3,3
123,7,1
123,3,2
123,7,2
123,3,2
123,7,2
123,3,2
123,7,1
123,3,2
123,7,2
123,3,2
123,7,2
123,3,2
123,7,1
123,3,1
124,6,58
124,5,2
124,6,2
124,5,4
124,6,1
124,5,45
124,7,3
124,2,102
125,6,57
125,5,1
125,6,2
125,5,1
125,6,2
125,5,1
125,6,2
125,5,1
125,6,1
125,5,50
125,7,78
125,2,1
125,7,3
125,2,1
125,7,4
125,2,1
125,7,3
125,2,1
125,7,4
125,2,3
126,6,45
126,5,1
126,6,1
126,5,58
126,7,112
127,6,43
127,5,1
127,6,2
127,5,1
127,6,1
127,5,61
127,7,3
127,4,105
128,1,57
128,0,2
128,1,1
128,0,52
128,7,3
128,3,1
128,7,1
128,3,3
128,7,2
128,3,3
128,7,2
128,3,3
128,7,2
128,3,3
128,7,2
128,3,2
128,7,2
128,3,2
128,7,2
128,3,2
128,7,1
128,3,3
128,7,1
128,3,2
128,7,1
128,3,1
128,7,2
128,3,2
128,7,1
128,3,4
128,7,2
128,3,2
128,7,1
128,3,4
128,7,1
128,3,4
128,7,1
128,3,5
128,7,1
128,3,4
128,7,1
128,3,26
129,1,58
129,0,1
129,1,2
129,0,40
129,7,1
129,3,1
129,7,2
129,3,1
129,7,1
129,3,2
129,7,1
129,3,1
129,7,1
129,3,2
129,7,1
129,3,2
129,7,2
129,3,1
129,7,1
129,3,2
129,7,2
129,3,4
129,7,2
129,3,4
129,7,2
129,3,6
129,7,2
129,3,72
130,6,57
130,5,1
130,6,1
130,5,41
130,7,3
130,2,1
130,7,4
130,2,1
130,7,3
130,2,1
130,7,4
130,2,3
130,7,2
130,2,95
131,6,39
131,5,1
131,6,1
131,5,53
131,7,2
131,4,121
132,6,39
132,5,1
132,6,2
132,5,1
132,6,1
132,5,56
132,7,10
132,4,1
132,7,2
132,4,1
132,7,2
132,4,4
132,7,2
132,4,95
133,1,57
133,0,1
133,1,1
133,0,55
133,7,4
133,3,1
133,7,98
134,6,45
134,5,1
134,6,2
134,5,2
134,6,1
134,5,67
134,7,99
135,6,50
135,5,1
135,6,2
135,5,62
135,7,3
135,4,99
136,1,44
136,0,1
136,1,2
136,0,2
136,1,1
136,0,47
136,7,3
136,3,2
136,7,3
136,3,3
136,7,2
136,3,3
136,7,2
136,3,3
136,7,2
136,3,3
136,7,2
136,3,3
136,7,2
136,3,3
136,7,2
136,3,2
136,7,1
136,3,2
136,7,2
136,3,2
136,7,2
136,3,2
136,7,1
136,3,2
136,7,2
136,3,2
136,7,2
136,3,2
136,7,1
136,3,2
136,7,2
136,3,2
136,7,1
136,3,2
136,7,1
136,3,2
136,7,1
136,3,2
136,7,1
136,3,2
136,7,1
136,3,2
136,7,1
136,3,2
136,7,1
136,3,2
136,7,1
136,3,2
136,7,1
136,3,2
136,7,1
136,3,2
136,7,1
136,3,2
136,7,1
136,3,2
136,7,1
136,3,2
136,7,1
136,3,2
136,7,1
136,3,2
136,7,1
136,3,2
136,7,1
136,3,2
137,6,61
137,5,3
137,6,1
137,5,46
137,7,3
137,2,103
138,1,52
138,0,1
138,1,2
138,0,2
138,1,1
138,0,1
138,1,1
138,0,60
138,7,4
138,4,2
138,7,2
138,4,3
138,7,2
138,4,3
138,7,2
138,4,3
138,7,2
138,4,3
138,7,2
138,4,3
138,7,2
138,4,3
138,7,2
138,4,2
138,7,3
138,4,3
138,7,2
138,4,3
138,7,2
138,4,3
138,7,2
138,4,3
138,7,2
138,4,3
138,7,2
138,4,3
138,7,2
138,4,3
138,7,2
138,4,3
138,7,2
138,4,3
138,7,2
138,4,3
138,7,2
138,4,3
138,7,1
139,6,48
139,5,1
139,6,1
139,5,73
139,7,39
139,4,1
139,7,8
139,4,1
139,7,3
139,4,1
139,7,4
139,4,1
139,7,3
139,4,1
139,7,4
139,4,1
139,7,4
139,4,1
139,7,4
139,4,3
139,7,4
139,4,11
140,1,42
140,0,1
140,1,3
140,0,1
140,1,1
140,0,1
140,1,1
140,0,48
140,7,2
140,4,117
141,6,53
141,5,5
141,6,1
141,5,50
141,7,4
141,2,104
142,6,47
142,5,1
142,6,1
142,5,1
142,6,1
142,5,54
142,7,2
142,4,110
143,6,66
143,5,54
143,7,14
143,2,7
143,7,1
143,2,75
144,1,66
144,0,1
144,1,6
144,0,1
144,1,1
144,0,1
144,1,1
144,0,1
144,1,1
144,0,40
144,7,5
144,3,93
145,6,39
145,5,2
145,6,1
145,5,59
145,7,4
145,4,1
145,7,4
145,4,1
145,7,4
145,4,1
145,7,2
145,4,2
145,7,4
145,4,93
146,1,78
146,0,2
146,1,1
146,0,1
146,1,1
146,0,43
146,7,4
146,3,87
147,6,51
147,5,1
147,6,2
147,5,67
147,7,96
148,6,42
148,5,1
148,6,2
148,5,1
148,6,2
148,5,1
148,6,1
148,5,2
148,6,1
148,5,44
148,7,120
149,1,58
149,0,1
149,1,4
149,0,2
149,1,1
149,0,41
149,7,3
149,3,2
149,7,2
149,3,1
149,7,1
149,3,4
149,7,2
149,3,2
149,7,1
149,3,2
149,7,2
149,3,2
149,7,2
149,3,2
149,7,1
149,3,2
149,7,1
149,3,4
149,7,1
149,3,3
149,7,2
149,3,3
149,7,1
149,3,3
149,7,1
149,3,4
149,7,2
149,3,4
149,7,2
149,3,48
150,1,41
150,0,1
150,1,1
150,0,2
150,1,1
150,0,2
150,1,1
150,0,52
150,7,3
150,4,113
151,1,52
151,0,1
151,1,2
151,0,2
151,1,1
151,0,59
151,7,3
151,4,97
152,1,56
152,0,1
152,1,2
152,0,1
152,1,1
152,0,56
152,7,4
152,4,96
153,1,51
153,0,1
153,1,2
153,0,2
153,1,2
153,0,48
153,7,2
153,3,2
153,7,1
153,3,1
153,7,1
153,3,2
153,7,1
153,3,1
153,7,1
153,3,3
153,7,2
153,3,3
153,7,2
153,3,3
153,7,2
153,3,3
153,7,1
153,3,1
153,7,1
153,3,3
153,7,2
153,3,4
153,7,2
153,3,5
153,7,1
153,3,61
154,1,47
154,0,1
154,1,1
154,0,2
154,1,1
154,0,50
154,7,3
154,4,112
155,1,56
155,0,4
155,1,4
155,0,1
155,1,2
155,0,1
155,1,1
155,0,1
155,1,2
155,0,36
155,7,3
155,3,106
156,6,44
156,5,58
156,7,30
156,4,1
156,7,6
156,4,1
156,7,4
156,4,1
156,7,6
156,4,1
156,7,4
156,4,1
156,7,4
156,4,2
156,7,3
156,4,51
157,1,67
157,0,1
157,1,2
157,0,1
157,1,2
157,0,44
157,7,4
157,3,96
158,1,60
158,0,1
158,1,1
158,0,53
158,7,7
158,3,4
158,7,4
158,3,5
158,7,4
158,3,5
158,7,4
158,3,5
158,7,3
158,3,3
158,7,2
158,3,3
158,7,2
158,3,3
158,7,2
158,3,3
158,7,2
158,3,3
158,7,2
158,3,3
158,7,2
158,3,3
158,7,2
158,3,3
158,7,2
158,3,3
158,7,2
158,3,3
158,7,2
158,3,3
158,7,2
158,3,3
158,7,2
158,3,1
159,6,52
159,5,65
159,7,5
159,4,95
160,1,57
160,0,47
160,7,3
160,3,110
161,1,63
161,0,39
161,7,1
161,3,10
161,7,4
161,3,5
161,7,3
161,3,2
161,7,3
161,3,2
161,7,3
161,3,2
161,7,3
161,3,2
161,7,3
161,3,3
161,7,2
161,3,3
161,7,2
161,3,3
161,7,2
161,3,3
161,7,2
161,3,3
161,7,2
161,3,3
161,7,2
161,3,3
161,7,2
161,3,3
161,7,2
161,3,3
161,7,2
161,3,3
161,7,2
161,3,3
161,7,2
161,3,3
161,7,2
161,3,3
161,7,2
161,3,3
161,7,2
161,3,2
162,1,44
162,0,1
162,1,2
162,0,1
162,1,2
162,0,2
162,1,1
162,0,75
162,7,4
162,4,1
162,7,2
162,4,2
162,7,2
162,4,2
162,7,2
162,4,2
162,7,2
162,4,2
162,7,1
162,4,2
162,7,9
162,4,1
162,7,2
162,4,1
162,7,1
162,4,1
162,7,2
162,4,3
162,7,3
162,4,2
162,7,2
162,4,1
162,7,1
162,4,1
162,7,4
162,4,31
163,1,60
163,0,48
163,7,7
163,3,5
163,7,4
163,3,5
163,7,4
163,3,3
163,7,2
163,3,3
163,7,2
163,3,3
163,7,2
163,3,3
163,7,2
163,3,3
163,7,2
163,3,3
163,7,2
163,3,2
163,7,1
163,3,2
163,7,2
163,3,2
163,7,2
163,3,2
163,7,1
163,3,3
163,7,1
163,3,2
163,7,2
163,3,2
163,7,1
163,3,3
163,7,1
163,3,4
163,7,2
163,3,2
163,7,1
163,3,4
163,7,2
163,3,6
163,7,2
163,3,2
164,6,54
164,5,2
164,6,2
164,5,1
164,6,2
164,5,48
164,7,4
164,2,104
165,1,64
165,0,1
165,1,2
165,0,40
165,7,2
165,3,2
165,7,2
165,3,2
165,7,2
165,3,2
165,7,2
165,3,3
165,7,2
165,3,2
165,7,1
165,3,2
165,7,2
165,3,3
165,7,2
165,3,79
166,1,68
166,0,1
166,1,2
166,0,1
166,1,2
166,0,2
166,1,1
166,0,45
166,7,5
166,3,90
167,6,61
167,5,1
167,6,2
167,5,2
167,6,1
167,5,56
167,7,94
168,1,61
168,0,67
168,7,5
168,3,84
169,6,53
169,5,61
169,7,5
169,4,98
170,6,60
170,5,2
170,6,1
170,5,52
170,7,102
171,6,62
171,5,48
171,7,15
171,2,92
172,6,45
172,5,50
172,7,4
172,4,118
173,6,64
173,5,1
173,6,2
173,5,51
173,7,5
173,2,94
174,6,66
174,5,63
174,7,41
174,2,1
174,7,3
174,2,1
174,7,8
174,2,1
174,7,2
174,2,2
174,7,5
174,2,1
174,7,3
174,2,2
174,7,2
174,2,1
174,7,3
174,2,3
174,7,2
174,2,7
175,6,59
175,5,62
175,7,10
175,2,1
175,7,3
175,2,1
175,7,4
175,2,1
175,7,4
175,2,1
175,7,2
175,2,3
175,7,2
175,2,64
176,6,52
176,5,1
176,6,2
176,5,2
176,6,1
176,5,50
176,7,7
176,2,1
176,7,4
176,2,1
176,7,8
176,2,1
176,7,4
176,2,1
176,7,4
176,2,1
176,7,4
176,2,1
176,7,4
176,2,1
176,7,5
176,2,1
176,7,4
176,2,2
176,7,9
176,2,2
176,7,4
176,2,2
176,7,4
176,2,1
176,7,4
176,2,2
176,7,4
176,2,2
176,7,2
176,2,19
177,1,51
177,0,2
177,1,1
177,0,45
177,7,3
177,3,1
177,7,3
177,3,4
177,7,3
177,3,3
177,7,2
177,3,3
177,7,2
177,3,3
177,7,2
177,3,1
177,7,2
177,3,2
177,7,2
177,3,1
177,7,2
177,3,2
177,7,2
177,3,1
177,7,2
177,3,2
177,7,2
177,3,3
177,7,2
177,3,3
177,7,2
177,3,5
177,7,2
177,3,51
178,6,57
178,5,1
178,6,1
178,5,57
178,7,101
179,1,55
179,0,1
179,1,1
179,0,2
179,1,2
179,0,1
179,1,2
179,0,36
179,7,2
179,3,115
180,6,43
180,5,54
180,7,2
180,4,118
181,6,57
181,5,1
181,6,2
181,5,58
181,7,99
182,6,64
182,5,50
182,7,64
182,2,1
182,7,4
182,2,2
182,7,2
182,2,30
183,1,42
183,0,1
183,1,4
183,0,2
183,1,1
183,0,2
183,1,1
183,0,2
183,1,1
183,0,68
183,7,4
183,3,2
183,7,1
183,3,2
183,7,2
183,3,2
183,7,2
183,3,2
183,7,1
183,3,2
183,7,2
183,3,2
183,7,2
183,3,2
183,7,1
183,3,2
183,7,2
183,3,2
183,7,2
183,3,2
183,7,1
183,3,2
183,7,2
183,3,2
183,7,2
183,3,2
183,7,1
183,3,2
183,7,2
183,3,2
183,7,1
183,3,2
183,7,2
183,3,1
183,7,2
183,3,2
183,7,1
183,3,2
183,7,1
183,3,2
183,7,1
183,3,2
183,7,1
183,3,2
183,7,1
183,3,2
183,7,1
183,3,2
183,7,1
183,3,2
183,7,1
183,3,2
183,7,1
183,3,1
184,6,49
184,5,1
184,6,1
184,5,59
184,7,4
184,4,103
185,6,53
185,5,55
185,7,6
185,2,2
185,7,4
185,2,1
185,7,5
185,2,2
185,7,2
185,2,87
186,6,46
186,5,1
186,6,2
186,5,61
186,7,4
186,4,103
187,6,46
187,5,57
187,7,18
187,4,96
188,1,56
188,0,1
188,1,1
188,0,2
188,1,1
188,0,63
188,7,5
188,3,1
188,7,1
188,3,4
188,7,1
188,3,4
188,7,1
188,3,4
188,7,1
188,3,5
188,7,2
188,3,3
188,7,1
188,3,60
189,6,70
189,5,1
189,6,2
189,5,49
189,7,85
189,2,1
189,7,3
189,2,1
189,7,5
190,1,55
190,0,67
190,7,3
190,4,2
190,7,2
190,4,3
190,7,2
190,4,3
190,7,2
190,4,2
190,7,3
190,4,2
190,7,3
190,4,2
190,7,2
190,4,2
190,7,2
190,4,1
190,7,2
190,4,2
190,7,2
190,4,2
190,7,2
190,4,1
190,7,2
190,4,2
190,7,2
190,4,2
190,7,2
190,4,1
190,7,2
190,4,2
190,7,2
190,4,2
190,7,2
190,4,1
190,7,2
190,4,2
190,7,2
190,4,2
190,7,2
190,4,1
190,7,2
190,4,1
190,7,1
190,4,1
190,7,3
190,4,1
190,7,2
190,4,1
190,7,1
190,4,1
190,7,1
191,1,47
191,0,1
191,1,1
191,0,62
191,7,3
191,4,103
192,1,42
192,0,2
192,1,1
192,0,71
192,7,4
192,4,1
192,7,1
192,4,2
192,7,2
192,4,2
192,7,2
192,4,2
192,7,1
192,4,2
192,7,2
192,4,2
192,7,2
192,4,2
192,7,1
192,4,2
192,7,2
192,4,2
192,7,2
192,4,1
192,7,2
192,4,2
192,7,2
192,4,2
192,7,2
192,4,2
192,7,2
192,4,1
192,7,2
192,4,2
192,7,2
192,4,1
192,7,2
192,4,2
192,7,2
192,4,2
192,7,2
192,4,2
192,7,1
192,4,2
192,7,2
192,4,2
192,7,2
192,4,2
192,7,1
192,4,2
192,7,2
192,4,2
192,7,2
192,4,2
192,7,1
192,4,2
192,7,2
192,4,2
192,7,1
193,6,51
193,5,2
193,6,1
193,5,43
193,7,61
193,2,1
193,7,4
193,2,1
193,7,4
193,2,1
193,7,4
193,2,1
193,7,4
193,2,2
193,7,4
193,2,1
193,7,4
193,2,2
193,7,2
193,2,2
193,7,4
193,2,4
193,7,2
193,2,12
194,6,65
194,5,49
194,7,4
194,2,99
195,6,58
195,5,1
195,6,1
195,5,40
195,7,3
195,2,114
196,1,52
196,0,2
196,1,1
196,0,2
196,1,1
196,0,47
196,7,3
196,3,5
196,7,4
196,3,3
196,7,2
196,3,3
196,7,2
196,3,3
196,7,2
196,3,3
196,7,2
196,3,3
196,7,2
196,3,3
196,7,2
196,3,3
196,7,2
196,3,3
196,7,2
196,3,3
196,7,2
196,3,3
196,7,2
196,3,3
196,7,2
196,3,3
196,7,2
196,3,3
196,7,2
196,3,2
196,7,2
196,3,2
196,7,2
196,3,2
196,7,1
196,3,2
196,7,2
196,3,2
196,7,2
196,3,2
196,7,1
196,3,2
196,7,2
196,3,2
196,7,2
196,3,2
196,7,1
196,3,2
197,1,41
197,0,1
197,1,2
197,0,53
197,7,2
197,4,1
197,7,1
197,4,1
197,7,2
197,4,1
197,7,1
197,4,2
197,7,2
197,4,1
197,7,1
197,4,1
197,7,4
197,4,5
197,7,2
197,4,93
198,6,57
198,5,2
198,6,2
198,5,2
198,6,2
198,5,54
198,7,3
198,2,95
199,1,49
199,0,1
199,1,2
199,0,1
199,1,2
199,0,1
199,1,2
199,0,1
199,1,2
199,0,47
199,7,2
199,3,107
200,1,67
200,0,1
200,1,2
200,0,1
200,1,2
200,0,1
200,1,2
200,0,52
200,7,5
200,3,84
201,1,43
201,0,1
201,1,2
201,0,4
201,1,1
201,0,51
201,7,5
201,4,2
201,7,3
201,4,2
201,7,3
201,4,2
201,7,3
201,4,2
201,7,3
201,4,2
201,7,2
201,4,2
201,7,2
201,4,2
201,7,1
201,4,2
201,7,2
201,4,2
201,7,1
201,4,2
201,7,2
201,4,2
201,7,2
201,4,1
201,7,2
201,4,1
201,7,2
201,4,2
201,7,1
201,4,2
201,7,1
201,4,2
201,7,1
201,4,2
201,7,1
201,4,2
201,7,1
201,4,2
201,7,1
201,4,2
201,7,2
201,4,1
201,7,2
201,4,1
201,7,2
201,4,1
201,7,2
201,4,1
201,7,2
201,4,1
201,7,2
201,4,1
201,7,2
201,4,1
201,7,2
201,4,1
201,7,4
201,4,2
201,7,1
201,4,2
201,7,1
201,4,1
201,7,2
201,4,1
202,1,58
202,0,1
202,1,2
202,0,61
202,7,4
202,4,91
203,6,39
203,5,2
203,6,2
203,5,61
203,7,4
203,4,109
204,1,73
204,0,1
204,1,2
204,0,1
204,1,2
204,0,3
204,1,2
204,0,50
204,7,5
204,3,78
205,1,48
205,0,1
205,1,2
205,0,2
205,1,1
205,0,2
205,1,1
205,0,39
205,7,1
205,3,120
206,6,53
206,5,1
206,6,1
206,5,56
206,7,80
206,2,1
206,7,4
206,2,1
206,7,8
206,2,1
206,7,4
206,2,1
206,7,4
206,2,1
206,7,1
207,6,32
207,5,2
207,6,2
207,5,65
207,7,3
207,4,113
208,6,46
208,5,1
208,6,2
208,5,62
208,7,4
208,4,102
209,6,54
209,5,1
209,6,2
209,5,71
209,7,5
209,4,84
210,6,54
210,5,71
210,7,5
210,4,87
211,1,62
211,0,1
211,1,2
211,0,75
211,7,5
211,4,1
211,7,2
211,4,1
211,7,6
211,4,1
211,7,3
211,4,1
211,7,1
211,4,1
211,7,4
211,4,1
211,7,8
211,4,1
211,7,1
211,4,1
211,7,4
211,4,1
211,7,3
211,4,1
211,7,6
211,4,1
211,7,8
211,4,1
211,7,8
211,4,1
211,7,4
211,4,1
212,6,52
212,5,46
212,7,4
212,2,115
213,1,45
213,0,1
213,1,2
213,0,1
213,1,2
213,0,2
213,1,1
213,0,2
213,1,1
213,0,2
213,1,1
213,0,2
213,1,1
213,0,2
213,1,1
213,0,59
213,7,6
213,3,4
213,7,4
213,3,4
213,7,2
213,3,3
213,7,2
213,3,3
213,7,2
213,3,3
213,7,2
213,3,3
213,7,2
213,3,3
213,7,2
213,3,3
213,7,2
213,3,3
213,7,1
213,3,2
213,7,2
213,3,2
213,7,2
213,3,2
213,7,1
213,3,2
213,7,2
213,3,2
213,7,2
213,3,2
213,7,1
213,3,3
213,7,1
213,3,2
213,7,2
213,3,2
213,7,2
213,3,2
213,7,1
213,3,1
214,1,56
214,0,1
214,1,2
214,0,2
214,1,1
214,0,2
214,1,1
214,0,67
214,7,5
214,4,1
214,7,2
214,4,2
214,7,2
214,4,3
214,7,1
214,4,1
214,7,1
214,4,1
214,7,3
214,4,2
214,7,1
214,4,1
214,7,1
214,4,2
214,7,2
214,4,1
214,7,2
214,4,1
214,7,1
214,4,4
214,7,2
214,4,43
215,1,46
215,0,1
215,1,1
215,0,1
215,1,1
215,0,67
215,7,8
215,4,1
215,7,2
215,4,2
215,7,2
215,4,1
215,7,2
215,4,2
215,7,1
215,4,2
215,7,1
215,4,2
215,7,1
215,4,2
215,7,1
215,4,2
215,7,1
215,4,2
215,7,1
215,4,2
215,7,1
215,4,2
215,7,1
215,4,2
215,7,1
215,4,2
215,7,1
215,4,1
215,7,2
215,4,1
215,7,2
215,4,1
215,7,1
215,4,2
215,7,1
215,4,1
215,7,2
215,4,1
215,7,2
215,4,1
215,7,2
215,4,1
215,7,1
215,4,1
215,7,2
215,4,1
215,7,1
215,4,1
215,7,2
215,4,1
215,7,2
215,4,1
215,7,1
215,4,1
215,7,2
215,4,1
215,7,1
215,4,1
215,7,2
215,4,1
215,7,1
215,4,2
215,7,1
215,4,1
215,7,2
215,4,1
216,1,52
216,0,1
216,1,5
216,0,62
216,7,14
216,4,83
217,6,54
217,5,61
217,7,3
217,4,99
218,1,63
218,0,80
218,7,4
218,4,70
219,1,74
219,0,1
219,1,3
219,0,1
219,1,3
219,0,38
219,7,3
219,3,4
219,7,2
219,3,2
219,7,1
219,3,2
219,7,1
219,3,82
