model,regime_id,split,n_samples,rmse,mae,r2,complexity,equation
global,global,train,26040,0.035078504380811004,0.02938937421634086,0.9899383073227044,8,dTdt_K_min = 0.0382078 + 0.0945202*z(Q_reaction_kW) + 0.170078*z(Q_jacket_kW) + 0.0900033*z(Q_total_kW) - 0.0177227*z(heating_load_kW) + 0.0542428*z(inv_viscosity) - 0.0485583*z(U_over_viscosity) + 0.130937*z(Q_total_times_U) + 0.0277323*z(Q_jacket_kW^2)
regime_conditioned,piecewise,train,26040,0.021555041009837926,0.008630560488014109,0.9962008484477073,54,piecewise law selected by PI-MambaRegime regime_id
global,global,val,6510,0.03509069076380478,0.028781391231970113,0.9886466238738648,8,dTdt_K_min = 0.0382078 + 0.0945202*z(Q_reaction_kW) + 0.170078*z(Q_jacket_kW) + 0.0900033*z(Q_total_kW) - 0.0177227*z(heating_load_kW) + 0.0542428*z(inv_viscosity) - 0.0485583*z(U_over_viscosity) + 0.130937*z(Q_total_times_U) + 0.0277323*z(Q_jacket_kW^2)
regime_conditioned,piecewise,val,6510,0.022538286217369086,0.00910220334917056,0.9953163657790681,54,piecewise law selected by PI-MambaRegime regime_id
global,global,test,6510,0.032712934402857004,0.02772179292977913,0.9894448292576163,8,dTdt_K_min = 0.0382078 + 0.0945202*z(Q_reaction_kW) + 0.170078*z(Q_jacket_kW) + 0.0900033*z(Q_total_kW) - 0.0177227*z(heating_load_kW) + 0.0542428*z(inv_viscosity) - 0.0485583*z(U_over_viscosity) + 0.130937*z(Q_total_times_U) + 0.0277323*z(Q_jacket_kW^2)
regime_conditioned,piecewise,test,6510,0.018516373986101013,0.007637759533751561,0.9966182761131472,54,piecewise law selected by PI-MambaRegime regime_id
global,global,ood,4340,0.03400301051738434,0.027843286344650914,0.9888193602509943,8,dTdt_K_min = 0.0382078 + 0.0945202*z(Q_reaction_kW) + 0.170078*z(Q_jacket_kW) + 0.0900033*z(Q_total_kW) - 0.0177227*z(heating_load_kW) + 0.0542428*z(inv_viscosity) - 0.0485583*z(U_over_viscosity) + 0.130937*z(Q_total_times_U) + 0.0277323*z(Q_jacket_kW^2)
regime_conditioned,piecewise,ood,4340,0.028030040189958316,0.010783709717306791,0.9924023487303634,54,piecewise law selected by PI-MambaRegime regime_id
global,global,baseline,4340,0.03112974851886003,0.028053240061995628,0.9896632657909816,8,dTdt_K_min = 0.0382078 + 0.0945202*z(Q_reaction_kW) + 0.170078*z(Q_jacket_kW) + 0.0900033*z(Q_total_kW) - 0.0177227*z(heating_load_kW) + 0.0542428*z(inv_viscosity) - 0.0485583*z(U_over_viscosity) + 0.130937*z(Q_total_times_U) + 0.0277323*z(Q_jacket_kW^2)
regime_conditioned,piecewise,baseline,4340,0.01988154351998075,0.01058547182658229,0.9957836920708543,54,piecewise law selected by PI-MambaRegime regime_id
regime_specific,0,train,3518,0.011853563782268092,0.007259942735083889,0.9985701436800093,4,dTdt_K_min = 0.000659002 + 0.00775571*z(Q_jacket_kW) + 0.257699*z(Q_total_kW) + 0.000883143*z(jacket_times_U) + 0.0497743*z(Q_total_times_U)
regime_specific,0,val,979,0.011981847652632696,0.007858893167769459,0.9981557937436233,4,dTdt_K_min = 0.000659002 + 0.00775571*z(Q_jacket_kW) + 0.257699*z(Q_total_kW) + 0.000883143*z(jacket_times_U) + 0.0497743*z(Q_total_times_U)
regime_specific,0,test,587,0.013566602829133962,0.008527662466362197,0.9984073015254827,4,dTdt_K_min = 0.000659002 + 0.00775571*z(Q_jacket_kW) + 0.257699*z(Q_total_kW) + 0.000883143*z(jacket_times_U) + 0.0497743*z(Q_total_times_U)
regime_specific,0,ood,743,0.014558073992403296,0.009467798567195623,0.9965829188254816,4,dTdt_K_min = 0.000659002 + 0.00775571*z(Q_jacket_kW) + 0.257699*z(Q_total_kW) + 0.000883143*z(jacket_times_U) + 0.0497743*z(Q_total_times_U)
regime_specific,1,train,3723,0.048688902085890766,0.031229446481018382,0.9942079233780986,8,dTdt_K_min = 0.181273 + 0.263004*z(Q_jacket_kW) + 0.130545*z(Q_total_kW) + 0.0564622*z(inv_viscosity) - 0.0563356*z(U_over_viscosity) - 0.221784*z(jacket_times_U) + 0.455967*z(Q_total_times_U) - 0.0588368*z(Q_total_kW^2) + 0.0459766*z(Q_jacket_kW^2)
regime_specific,1,val,1153,0.04904764604192619,0.031647490291069544,0.9935286701392629,8,dTdt_K_min = 0.181273 + 0.263004*z(Q_jacket_kW) + 0.130545*z(Q_total_kW) + 0.0564622*z(inv_viscosity) - 0.0563356*z(U_over_viscosity) - 0.221784*z(jacket_times_U) + 0.455967*z(Q_total_times_U) - 0.0588368*z(Q_total_kW^2) + 0.0459766*z(Q_jacket_kW^2)
regime_specific,1,test,519,0.04770287023989482,0.03171524754860606,0.9951821481721445,8,dTdt_K_min = 0.181273 + 0.263004*z(Q_jacket_kW) + 0.130545*z(Q_total_kW) + 0.0564622*z(inv_viscosity) - 0.0563356*z(U_over_viscosity) - 0.221784*z(jacket_times_U) + 0.455967*z(Q_total_times_U) - 0.0588368*z(Q_total_kW^2) + 0.0459766*z(Q_jacket_kW^2)
regime_specific,1,ood,736,0.06080723835530432,0.03593796648213759,0.9896252475330045,8,dTdt_K_min = 0.181273 + 0.263004*z(Q_jacket_kW) + 0.130545*z(Q_total_kW) + 0.0564622*z(inv_viscosity) - 0.0563356*z(U_over_viscosity) - 0.221784*z(jacket_times_U) + 0.455967*z(Q_total_times_U) - 0.0588368*z(Q_total_kW^2) + 0.0459766*z(Q_jacket_kW^2)
regime_specific,2,train,2505,2.357217980653566e-05,1.195140257839078e-05,0.9999846426607247,7,dTdt_K_min = 0.000658289 + 4.3871e-05*z(Q_reaction_kW) + 0.00594718*z(Q_jacket_kW) + 8.01603e-05*z(Q_loss_kW) - 3.02102e-05*z(conversion_proxy) + 7.54431e-05*z(Q_total_kW) + 9.42295e-06*z(Q_total_times_U) - 6.41153e-07*z(feed_rate_kg_s^2)
regime_specific,2,val,290,2.1557893311467892e-05,1.1249345482365117e-05,0.999963315181251,7,dTdt_K_min = 0.000658289 + 4.3871e-05*z(Q_reaction_kW) + 0.00594718*z(Q_jacket_kW) + 8.01603e-05*z(Q_loss_kW) - 3.02102e-05*z(conversion_proxy) + 7.54431e-05*z(Q_total_kW) + 9.42295e-06*z(Q_total_times_U) - 6.41153e-07*z(feed_rate_kg_s^2)
regime_specific,2,test,776,3.4332903727896e-05,1.7810278929842606e-05,0.9999802554873478,7,dTdt_K_min = 0.000658289 + 4.3871e-05*z(Q_reaction_kW) + 0.00594718*z(Q_jacket_kW) + 8.01603e-05*z(Q_loss_kW) - 3.02102e-05*z(conversion_proxy) + 7.54431e-05*z(Q_total_kW) + 9.42295e-06*z(Q_total_times_U) - 6.41153e-07*z(feed_rate_kg_s^2)
regime_specific,2,ood,120,9.89109686866139e-06,6.479281739674484e-06,0.999993646851907,7,dTdt_K_min = 0.000658289 + 4.3871e-05*z(Q_reaction_kW) + 0.00594718*z(Q_jacket_kW) + 8.01603e-05*z(Q_loss_kW) - 3.02102e-05*z(conversion_proxy) + 7.54431e-05*z(Q_total_kW) + 9.42295e-06*z(Q_total_times_U) - 6.41153e-07*z(feed_rate_kg_s^2)
regime_specific,3,train,3422,6.516610571096203e-05,2.2406205524207545e-05,0.9999993557478793,8,dTdt_K_min = 0.0278193 + 0.0811584*z(Q_jacket_kW) + 0.000100268*z(Q_loss_kW) - 0.000435665*z(conversion_proxy) + 5.95308e-06*z(Q_total_kW) + 4.63599e-06*z(heating_load_kW) + 8.49495e-06*z(reaction_times_feed) + 6.77528e-06*z(Q_reaction_kW^2) - 5.15624e-05*z(feed_rate_kg_s^2)
regime_specific,3,val,1126,3.640352834923672e-05,1.3693818123531344e-05,0.9999996209135682,8,dTdt_K_min = 0.0278193 + 0.0811584*z(Q_jacket_kW) + 0.000100268*z(Q_loss_kW) - 0.000435665*z(conversion_proxy) + 5.95308e-06*z(Q_total_kW) + 4.63599e-06*z(heating_load_kW) + 8.49495e-06*z(reaction_times_feed) + 6.77528e-06*z(Q_reaction_kW^2) - 5.15624e-05*z(feed_rate_kg_s^2)
regime_specific,3,test,504,5.4154111813425865e-05,1.902275572670792e-05,0.9999994582402483,8,dTdt_K_min = 0.0278193 + 0.0811584*z(Q_jacket_kW) + 0.000100268*z(Q_loss_kW) - 0.000435665*z(conversion_proxy) + 5.95308e-06*z(Q_total_kW) + 4.63599e-06*z(heating_load_kW) + 8.49495e-06*z(reaction_times_feed) + 6.77528e-06*z(Q_reaction_kW^2) - 5.15624e-05*z(feed_rate_kg_s^2)
regime_specific,3,ood,423,6.064187501635219e-05,1.4227935708760337e-05,0.99999834169777,8,dTdt_K_min = 0.0278193 + 0.0811584*z(Q_jacket_kW) + 0.000100268*z(Q_loss_kW) - 0.000435665*z(conversion_proxy) + 5.95308e-06*z(Q_total_kW) + 4.63599e-06*z(heating_load_kW) + 8.49495e-06*z(reaction_times_feed) + 6.77528e-06*z(Q_reaction_kW^2) - 5.15624e-05*z(feed_rate_kg_s^2)
regime_specific,4,train,2424,3.950385787874353e-05,1.7287163039078914e-05,0.9999994205238035,7,dTdt_K_min = 0.0138072 + 3.82292e-05*z(Q_reaction_kW) + 0.051183*z(Q_jacket_kW) + 3.33031e-05*z(Q_feed_kW) + 0.00750593*z(Q_loss_kW) - 0.000223648*z(conversion_proxy) + 0.00275476*z(Q_total_kW) + 7.08643e-05*z(Q_reaction_kW^2)
regime_specific,4,val,1046,4.039105476897192e-05,1.5541051666164012e-05,0.9999905556357244,7,dTdt_K_min = 0.0138072 + 3.82292e-05*z(Q_reaction_kW) + 0.051183*z(Q_jacket_kW) + 3.33031e-05*z(Q_feed_kW) + 0.00750593*z(Q_loss_kW) - 0.000223648*z(conversion_proxy) + 0.00275476*z(Q_total_kW) + 7.08643e-05*z(Q_reaction_kW^2)
regime_specific,4,test,838,4.1979004882928865e-05,1.6827637079164613e-05,0.9999990686779459,7,dTdt_K_min = 0.0138072 + 3.82292e-05*z(Q_reaction_kW) + 0.051183*z(Q_jacket_kW) + 3.33031e-05*z(Q_feed_kW) + 0.00750593*z(Q_loss_kW) - 0.000223648*z(conversion_proxy) + 0.00275476*z(Q_total_kW) + 7.08643e-05*z(Q_reaction_kW^2)
regime_specific,4,ood,1012,7.74897512749117e-05,2.0706275797180583e-05,0.9999961664183784,7,dTdt_K_min = 0.0138072 + 3.82292e-05*z(Q_reaction_kW) + 0.051183*z(Q_jacket_kW) + 3.33031e-05*z(Q_feed_kW) + 0.00750593*z(Q_loss_kW) - 0.000223648*z(conversion_proxy) + 0.00275476*z(Q_total_kW) + 7.08643e-05*z(Q_reaction_kW^2)
regime_specific,5,train,2951,0.011384189276905562,0.006772496107204919,0.9983601897897136,4,dTdt_K_min = 0.00529165 - 9.41228e-05*z(conversion_proxy) + 0.238869*z(Q_total_kW) + 0.0448324*z(Q_total_times_U) + 3.2755e-07*z(Q_total_kW^2)
regime_specific,5,val,637,0.012278655171821641,0.00828209690546576,0.997338086441331,4,dTdt_K_min = 0.00529165 - 9.41228e-05*z(conversion_proxy) + 0.238869*z(Q_total_kW) + 0.0448324*z(Q_total_times_U) + 3.2755e-07*z(Q_total_kW^2)
regime_specific,5,test,1080,0.008475052229860088,0.005183970891375352,0.9989018988755327,4,dTdt_K_min = 0.00529165 - 9.41228e-05*z(conversion_proxy) + 0.238869*z(Q_total_kW) + 0.0448324*z(Q_total_times_U) + 3.2755e-07*z(Q_total_kW^2)
regime_specific,5,ood,500,0.013187869347523282,0.009415914251961366,0.9962770505772829,4,dTdt_K_min = 0.00529165 - 9.41228e-05*z(conversion_proxy) + 0.238869*z(Q_total_kW) + 0.0448324*z(Q_total_times_U) + 3.2755e-07*z(Q_total_kW^2)
regime_specific,6,train,2987,0.02832230794667742,0.020947717757385697,0.9969237149891033,8,dTdt_K_min = 0.102212 + 0.215188*z(Q_jacket_kW) + 0.113364*z(Q_total_kW) + 0.0284241*z(inv_viscosity) - 0.0265757*z(U_over_viscosity) - 0.179286*z(jacket_times_U) + 0.373923*z(Q_total_times_U) - 0.0323614*z(Q_total_kW^2) + 0.0354589*z(Q_jacket_kW^2)
regime_specific,6,val,581,0.022592242231535737,0.016710839464422828,0.997334694151965,8,dTdt_K_min = 0.102212 + 0.215188*z(Q_jacket_kW) + 0.113364*z(Q_total_kW) + 0.0284241*z(inv_viscosity) - 0.0265757*z(U_over_viscosity) - 0.179286*z(jacket_times_U) + 0.373923*z(Q_total_times_U) - 0.0323614*z(Q_total_kW^2) + 0.0354589*z(Q_jacket_kW^2)
regime_specific,6,test,1144,0.027502990987464938,0.019728762588374246,0.9960858940779564,8,dTdt_K_min = 0.102212 + 0.215188*z(Q_jacket_kW) + 0.113364*z(Q_total_kW) + 0.0284241*z(inv_viscosity) - 0.0265757*z(U_over_viscosity) - 0.179286*z(jacket_times_U) + 0.373923*z(Q_total_times_U) - 0.0323614*z(Q_total_kW^2) + 0.0354589*z(Q_jacket_kW^2)
regime_specific,6,ood,393,0.03361269146773553,0.02172080579623215,0.9941697536294299,8,dTdt_K_min = 0.102212 + 0.215188*z(Q_jacket_kW) + 0.113364*z(Q_total_kW) + 0.0284241*z(inv_viscosity) - 0.0265757*z(U_over_viscosity) - 0.179286*z(jacket_times_U) + 0.373923*z(Q_total_times_U) - 0.0323614*z(Q_total_kW^2) + 0.0354589*z(Q_jacket_kW^2)
regime_specific,7,train,4510,0.0001616608663965238,5.0355206516320634e-05,0.9999992202504842,8,dTdt_K_min = -0.0296027 + 0.0174338*z(Q_reaction_kW) + 0.181218*z(Q_jacket_kW) + 0.00238257*z(Q_feed_kW) + 0.00805547*z(Q_loss_kW) + 8.23517e-05*z(feed_rate_kg_s) - 0.00108546*z(conversion_proxy) + 0.000876077*z(Q_total_kW) + 0.00010732*z(feed_rate_kg_s^2)
regime_specific,7,val,698,0.00022424015384285077,7.492856618870554e-05,0.9999984772225978,8,dTdt_K_min = -0.0296027 + 0.0174338*z(Q_reaction_kW) + 0.181218*z(Q_jacket_kW) + 0.00238257*z(Q_feed_kW) + 0.00805547*z(Q_loss_kW) + 8.23517e-05*z(feed_rate_kg_s) - 0.00108546*z(conversion_proxy) + 0.000876077*z(Q_total_kW) + 0.00010732*z(feed_rate_kg_s^2)
regime_specific,7,test,1062,0.00014384466042376848,4.704373846311948e-05,0.9999991882673744,8,dTdt_K_min = -0.0296027 + 0.0174338*z(Q_reaction_kW) + 0.181218*z(Q_jacket_kW) + 0.00238257*z(Q_feed_kW) + 0.00805547*z(Q_loss_kW) + 8.23517e-05*z(feed_rate_kg_s) - 0.00108546*z(conversion_proxy) + 0.000876077*z(Q_total_kW) + 0.00010732*z(feed_rate_kg_s^2)
regime_specific,7,ood,413,0.00029647336987465375,0.00010750126201362251,0.9999967105227294,8,dTdt_K_min = -0.0296027 + 0.0174338*z(Q_reaction_kW) + 0.181218*z(Q_jacket_kW) + 0.00238257*z(Q_feed_kW) + 0.00805547*z(Q_loss_kW) + 8.23517e-05*z(feed_rate_kg_s) - 0.00108546*z(conversion_proxy) + 0.000876077*z(Q_total_kW) + 0.00010732*z(feed_rate_kg_s^2)
