model,regime_id,n_train,complexity,physics_sign_score,physics_sign_status,equation
global,global,26040,8,1.0,pass,dTdt_K_min = 0.0382078 + 0.0945202*z(Q_reaction_kW) + 0.170078*z(Q_jacket_kW) + 0.0900033*z(Q_total_kW) - 0.0177227*z(heating_load_kW) + 0.0542428*z(inv_viscosity) - 0.0485583*z(U_over_viscosity) + 0.130937*z(Q_total_times_U) + 0.0277323*z(Q_jacket_kW^2)
regime_specific,0,3518,4,1.0,pass,dTdt_K_min = 0.000659002 + 0.00775571*z(Q_jacket_kW) + 0.257699*z(Q_total_kW) + 0.000883143*z(jacket_times_U) + 0.0497743*z(Q_total_times_U)
regime_specific,1,3723,8,1.0,pass,dTdt_K_min = 0.181273 + 0.263004*z(Q_jacket_kW) + 0.130545*z(Q_total_kW) + 0.0564622*z(inv_viscosity) - 0.0563356*z(U_over_viscosity) - 0.221784*z(jacket_times_U) + 0.455967*z(Q_total_times_U) - 0.0588368*z(Q_total_kW^2) + 0.0459766*z(Q_jacket_kW^2)
regime_specific,2,2505,7,1.0,pass,dTdt_K_min = 0.000658289 + 4.3871e-05*z(Q_reaction_kW) + 0.00594718*z(Q_jacket_kW) + 8.01603e-05*z(Q_loss_kW) - 3.02102e-05*z(conversion_proxy) + 7.54431e-05*z(Q_total_kW) + 9.42295e-06*z(Q_total_times_U) - 6.41153e-07*z(feed_rate_kg_s^2)
regime_specific,3,3422,8,1.0,pass,dTdt_K_min = 0.0278193 + 0.0811584*z(Q_jacket_kW) + 0.000100268*z(Q_loss_kW) - 0.000435665*z(conversion_proxy) + 5.95308e-06*z(Q_total_kW) + 4.63599e-06*z(heating_load_kW) + 8.49495e-06*z(reaction_times_feed) + 6.77528e-06*z(Q_reaction_kW^2) - 5.15624e-05*z(feed_rate_kg_s^2)
regime_specific,4,2424,7,1.0,pass,dTdt_K_min = 0.0138072 + 3.82292e-05*z(Q_reaction_kW) + 0.051183*z(Q_jacket_kW) + 3.33031e-05*z(Q_feed_kW) + 0.00750593*z(Q_loss_kW) - 0.000223648*z(conversion_proxy) + 0.00275476*z(Q_total_kW) + 7.08643e-05*z(Q_reaction_kW^2)
regime_specific,5,2951,4,1.0,pass,dTdt_K_min = 0.00529165 - 9.41228e-05*z(conversion_proxy) + 0.238869*z(Q_total_kW) + 0.0448324*z(Q_total_times_U) + 3.2755e-07*z(Q_total_kW^2)
regime_specific,6,2987,8,1.0,pass,dTdt_K_min = 0.102212 + 0.215188*z(Q_jacket_kW) + 0.113364*z(Q_total_kW) + 0.0284241*z(inv_viscosity) - 0.0265757*z(U_over_viscosity) - 0.179286*z(jacket_times_U) + 0.373923*z(Q_total_times_U) - 0.0323614*z(Q_total_kW^2) + 0.0354589*z(Q_jacket_kW^2)
regime_specific,7,4510,8,1.0,pass,dTdt_K_min = -0.0296027 + 0.0174338*z(Q_reaction_kW) + 0.181218*z(Q_jacket_kW) + 0.00238257*z(Q_feed_kW) + 0.00805547*z(Q_loss_kW) + 8.23517e-05*z(feed_rate_kg_s) - 0.00108546*z(conversion_proxy) + 0.000876077*z(Q_total_kW) + 0.00010732*z(feed_rate_kg_s^2)
