trajectory_id,dataset_split,product,season,batch_number,disturbance_type,T_min_K,T_max_K,final_monomer_added_kg,max_reaction_heat_kW,min_U_kW_m2_K,max_viscosity,max_valve_pct,min_valve_pct,max_feed_rate_kg_s,mean_abs_T_error_K,p95_abs_T_error_K,within_0p5K_pct,within_1p0K_pct
0,baseline,A,summer,1,none,294.26,355.8517619440727,45.00044001255032,1.918223643720241,0.2,578.278793860618,51.61108546156373,46.46704198211253,0.0027999999999999,0.19911911183184475,0.5261436275617086,93.97374701670644,100.0
1,baseline,B,summer,2,none,294.26,355.8357283014675,45.00028729954115,1.9214869397891308,0.2,2319.7399075703547,51.5274534346698,46.44413796422481,0.0028466666666666,0.16072341331816423,0.5079788136536649,94.6268656716418,100.0
2,baseline,A,summer,3,none,294.26,355.85167368104914,45.00044001255032,1.9181944604187449,0.2,578.2787938606219,51.6110854921076,46.46705051736519,0.0027999999999999,0.1996385854368392,0.526812404453608,93.91408114558473,100.0
3,baseline,B,summer,4,none,294.26,355.8356816353113,45.00028729954115,1.9214784797617732,0.2,2319.739907570371,51.52745398644194,46.44413944425394,0.0028466666666666,0.16123345372218553,0.5101287794406005,94.6268656716418,100.0
4,baseline,A,summer,5,none,294.26,355.8517307014796,45.00044001255032,1.918182884333508,0.2,578.27879386062,51.61108549908027,46.46705663080835,0.0027999999999999,0.19922605140644212,0.5260460146949754,93.91044776119402,100.0
5,baseline,B,winter,1,none,277.26,355.8012763651508,45.00028729954114,1.9200254704275863,0.2,2319.7399075703797,51.27809493053736,47.44591865803013,0.0028466666666666,0.1661471950127424,0.5463635700913783,93.53083434099153,100.0
6,baseline,A,winter,2,none,277.26,355.8219394533159,45.00044001255032,1.9184981497931488,0.2,578.2787938606539,51.492881216629854,47.24478248516183,0.0027999999999999,0.22127715820691532,0.5558560504390185,92.3262839879154,100.0
7,baseline,B,winter,3,none,277.26,355.80133145750074,45.00028729954114,1.9200190944940232,0.2,2319.7399075703797,51.27808860951213,47.44595137678856,0.0028466666666666,0.16574238034488836,0.5429334562764093,93.58741681790683,100.0
8,baseline,A,winter,4,none,277.26,355.8219341999448,45.00044001255032,1.9184860179326897,0.2,578.2787938606529,51.49287065086229,47.244789273,0.0027999999999999,0.2195512738347454,0.5560304113499339,92.32164449818622,100.0
9,baseline,B,winter,5,none,277.26,355.80132785344887,45.00028729954114,1.920013341406334,0.2,2319.739907570375,51.27807547673991,47.44598225975884,0.0028466666666666,0.16583843229623768,0.5431358849636149,93.58353510895884,100.0
10,baseline,A,summer,1,none,294.26,355.8517619440727,45.00044001255032,1.918223643720241,0.2,578.278793860618,51.61108546156373,46.46704198211253,0.0027999999999999,0.19911911183184475,0.5261436275617086,93.97374701670644,100.0
11,baseline,B,summer,2,none,294.26,355.8357283014675,45.00028729954115,1.9214869397891308,0.2,2319.7399075703547,51.5274534346698,46.44413796422481,0.0028466666666666,0.16072341331816423,0.5079788136536649,94.6268656716418,100.0
12,baseline,A,summer,3,none,294.26,355.85167368104914,45.00044001255032,1.9181944604187449,0.2,578.2787938606219,51.6110854921076,46.46705051736519,0.0027999999999999,0.1996385854368392,0.526812404453608,93.91408114558473,100.0
13,baseline,B,summer,4,none,294.26,355.8356816353113,45.00028729954115,1.9214784797617732,0.2,2319.739907570371,51.52745398644194,46.44413944425394,0.0028466666666666,0.16123345372218553,0.5101287794406005,94.6268656716418,100.0
14,baseline,A,summer,5,none,294.26,355.8517307014796,45.00044001255032,1.918182884333508,0.2,578.27879386062,51.61108549908027,46.46705663080835,0.0027999999999999,0.19922605140644212,0.5260460146949754,93.91044776119402,100.0
15,baseline,B,winter,1,none,277.26,355.8012763651508,45.00028729954114,1.9200254704275863,0.2,2319.7399075703797,51.27809493053736,47.44591865803013,0.0028466666666666,0.1661471950127424,0.5463635700913783,93.53083434099153,100.0
16,baseline,A,winter,2,none,277.26,355.8219394533159,45.00044001255032,1.9184981497931488,0.2,578.2787938606539,51.492881216629854,47.24478248516183,0.0027999999999999,0.22127715820691532,0.5558560504390185,92.3262839879154,100.0
17,baseline,B,winter,3,none,277.26,355.80133145750074,45.00028729954114,1.9200190944940232,0.2,2319.7399075703797,51.27808860951213,47.44595137678856,0.0028466666666666,0.16574238034488836,0.5429334562764093,93.58741681790683,100.0
18,baseline,A,winter,4,none,277.26,355.8219341999448,45.00044001255032,1.9184860179326897,0.2,578.2787938606529,51.49287065086229,47.244789273,0.0027999999999999,0.2195512738347454,0.5560304113499339,92.32164449818622,100.0
19,baseline,B,winter,5,none,277.26,355.80132785344887,45.00028729954114,1.920013341406334,0.2,2319.739907570375,51.27807547673991,47.44598225975884,0.0028466666666666,0.16583843229623768,0.5431358849636149,93.58353510895884,100.0
20,train,A,winter,3,feed_temp,277.26,355.8302386000369,44.999999999999964,1.6705238830009943,0.2,578.2605840699134,51.23913309640576,47.98266684426815,0.0024435194454739,0.10043013372987895,0.27268770363178585,99.63235294117648,100.0
21,train,B,winter,3,none,277.26,355.85434346325843,45.00045512611583,1.83278813048842,0.2259744636961024,2319.7733758718878,51.49602471095496,47.76181846083255,0.0026864592471988,0.09657156456443607,0.32077414807151544,99.22062350119904,100.0
22,train,B,summer,4,none,294.26,355.7857077851011,45.00012921846019,1.6645078978147088,0.2,2319.708383071862,51.05687889687599,47.534617253436096,0.0024344652908265,0.1387706339962166,0.4483601772207967,96.64067186562687,100.0
23,train,A,winter,3,none,277.26,355.7204584155897,45.00000375328412,1.793113894126677,0.2,578.2607393966372,51.33041390826393,47.43254370944963,0.0026454966433131,0.28697736968312454,0.887727334996844,78.31912302070646,97.13763702801461
24,train,A,summer,4,none,294.26,355.855628448768,45.000779554597706,2.0676426206564527,0.2,578.2928459903009,51.48114573674293,46.99032040219942,0.0030207369185909,0.10300921399374163,0.36494851449367616,98.56373429084381,100.0
25,train,A,summer,3,none,294.26,355.82523657319086,45.00111335794823,1.845777170396564,0.2180311186508692,578.3066608598813,51.859083232108325,45.87891130976679,0.0027041252894833,0.2640542176385435,0.8900706547207449,83.62989323843416,96.1447212336892
26,train,A,winter,1,none,277.26,355.8589167407475,45.00013357759684,2.251187843975788,0.2,578.2661120961244,52.06403764992926,47.20861407095768,0.0033080781487008,0.2063798199313009,0.6421864533703,92.02678027997565,98.66098600121728
27,train,A,summer,5,none,294.26,355.8057012425509,45.00000000000002,1.6544861384929526,0.2284001203833398,578.2605840698374,51.26768564757878,46.96442313581936,0.0024223099069973,0.1221984019461408,0.3866799680779251,97.91044776119404,100.0
28,train,A,summer,4,none,294.26,355.8199622140805,45.00373342497576,2.227501163001329,0.2,578.4151038391071,52.28094364703131,45.95348503082241,0.0032894946437425,0.21609028035903094,0.5839892015021575,92.65671641791045,100.0
29,train,A,summer,1,none,294.26,355.8484610979162,45.00000013129114,1.9456971560914416,0.2030125203061904,578.2605895032162,51.351556263790044,47.21907763677755,0.0028472784536721,0.07886835051593627,0.2958125323160402,99.45945945945947,100.0
30,train,A,summer,2,none,294.26,355.83459869046914,45.00000053310352,1.7449424564381044,0.2048932897622611,578.2607763186671,51.733574944491785,46.58924115959992,0.0025445978018094,0.1952319141393203,0.5617248915143502,91.96642685851319,100.0
31,train,A,summer,3,none,294.26,355.78439649929163,45.00031695196921,2.0376562151542243,0.2,578.2737009929804,51.2475334331221,46.66331812936432,0.0029762441708076,0.12164917107046981,0.4285617716962972,97.3621103117506,100.0
32,train,A,summer,5,none,294.26,355.8215946795766,45.00046755253975,2.0188182284535263,0.2,578.2799336086886,51.83463499121872,46.57308822669492,0.0029621426507405,0.23241045854362838,0.8031075795791053,85.51847437425506,97.67580452920143
33,train,A,winter,5,none,277.26,355.8088934000407,45.00007249281437,1.8274686203839243,0.2,578.2635841354402,51.46939685771413,46.95775139909,0.0027080365988528,0.24743436346427453,0.6851983523506561,87.07317073170732,99.8170731707317
34,train,A,summer,5,none,294.26,355.8135259627221,45.00028277676415,1.9019567282876175,0.2282204808526021,578.272286656277,51.322510442842656,46.66351967146458,0.0028302528732607,0.27468457165626103,0.7147899764312,85.39192399049881,99.58432304038006
35,train,A,winter,3,none,277.26,355.81680793392155,45.000401787334056,2.026697080321116,0.2,578.2772119048956,51.50682015245875,47.47441646503046,0.0030030580557706,0.18545909749747574,0.5085689255941304,94.6341463414634,99.63414634146342
36,train,A,summer,4,feed_temp,294.26,355.81166660667384,45.00044404553509,2.063923719504086,0.2006433236400001,578.3152364582473,51.58837036863952,46.28068100769168,0.0030443498524133,0.2709474948395774,0.8480879253634322,82.66346730653869,96.76064787042591
37,train,B,winter,4,cooling_water,277.26,355.8071506354066,45.002851157355785,2.1916329606594647,0.2,2320.251237357432,51.48412765938439,47.39721742564665,0.0032058734851652,0.12535751613020146,0.4610117359624496,96.02203182374541,99.69400244798041
38,train,A,summer,5,none,294.26,355.8090313275299,45.00000419638142,2.236165046237085,0.2144933567037455,578.2607577339317,51.148424715874384,47.30514341306488,0.003255949347405,0.11737047321535596,0.3939830019836789,97.5103734439834,100.0
39,train,A,summer,5,none,294.26,355.8509658050868,45.0001091575668,2.188278472980669,0.2,578.2651014854049,51.41557414607566,46.85135120494092,0.0031889255482723,0.08880813155124043,0.2675049302656901,99.70023980815348,100.0
40,train,B,winter,2,none,277.26,355.8029219653789,45.00171099252686,2.1506703703212158,0.2079791095136547,2320.3316308559724,51.362542382363394,47.509050232095454,0.0031357991526445,0.11857723264017561,0.45021029754212805,96.3275135460566,100.0
41,train,B,summer,3,none,294.26,355.81282910550453,45.00139290916151,2.170761672065665,0.2025337710267114,2319.9603971869533,51.56255017463245,46.841063992743535,0.003164914173293,0.35375941211306394,1.3946690928512593,79.10714285714285,88.63095238095238
42,train,A,summer,4,none,294.26,355.8191844903984,45.00168709527226,2.308331447570946,0.2,578.3304062506448,51.57893584107863,46.25367546164835,0.0033786683972491,0.3297129755228071,1.0573079127908327,79.20143027413587,93.3849821215733
43,train,A,winter,3,none,277.26,355.81140710256733,45.00010166866748,2.185233729505183,0.2016994615779029,578.2647915613654,51.33189484967334,47.21526378127103,0.0031897665628802,0.13838110891735594,0.4328187733615209,96.6867469879518,100.0
44,train,A,winter,3,none,277.26,355.8391883403212,45.00042827846743,1.7401288828158468,0.2,578.2783082436733,51.51325753406116,47.56950085449507,0.0025462601107484,0.17962471741699754,0.5178525621391713,94.43436176648518,100.0
45,train,A,summer,4,none,294.26,355.815913526829,45.00014699839405,1.6479496533659272,0.2,578.2666675095927,51.487617901839215,46.31137200150884,0.0024072298145268,0.18910239283446237,0.4908562486787899,95.2067106051528,100.0
46,train,A,winter,4,none,277.26,355.824287883368,45.00055346049641,1.999495698752894,0.205594356175358,578.283488937459,51.50167309978583,46.91673060144427,0.0029120546446428,0.2253642428853369,0.5814555838817168,92.08459214501511,100.0
47,train,A,summer,4,none,294.26,355.8304672909016,45.00112192695349,1.8000266509313678,0.2031235438653932,578.307015502001,51.28433637289836,47.67598459111184,0.0026282733685061,0.11378733828112976,0.39142629653453564,98.33333333333333,100.0
48,train,A,winter,5,none,277.26,355.73132919214737,45.00060952429904,2.1738478910057144,0.213296996211967,578.2912934830697,51.5323001273532,47.47715120429849,0.0031717071946002,0.3246351618049977,1.084759395695323,74.96984318455972,92.88299155609168
49,train,A,summer,1,none,294.26,355.8515946341246,45.00245125592412,2.2211448150812614,0.2,578.3620338194442,51.34277333918603,46.69898509450075,0.0032397084651134,0.07513593100334141,0.3213541983098622,99.28400954653938,100.0
50,train,B,winter,2,none,277.26,355.8120744961475,45.00048006270959,2.1480457410981137,0.2163505105366552,2320.008921453576,51.44324776466856,47.24634688995965,0.0031381270702415,0.21280751153679842,0.5916937305722059,91.68173598553345,98.73417721518987
51,train,A,summer,4,none,294.26,355.78655766347987,45.00144244170467,2.299339338246789,0.2,578.3202806349072,51.64689042267858,46.73693839542837,0.0033823038560265,0.2801066755358385,1.0218377074284368,77.6386404293381,94.63327370304114
52,train,B,winter,4,none,277.26,355.79014934704304,45.000192452159865,2.123591594089284,0.2,2319.720993084681,51.47770106783808,47.47403393294462,0.0030886729840236,0.21496260323791075,0.9774755293198325,88.55239248940036,95.15445184736522
53,train,B,summer,1,none,294.26,355.79515582925575,45.002282892603134,2.1536466911069034,0.2,2320.1378965320096,51.11346325610602,46.818249347532905,0.0031444191955215,0.09298799789626079,0.4225060425234005,97.376267143709,100.0
54,train,B,winter,3,none,277.26,355.7723316101634,45.000207541385976,1.7042810038321898,0.2,2319.724002173523,51.19165790013999,47.77344700009837,0.0025169619720641,0.18525456003330928,0.6392779459976623,90.89242053789731,99.08312958435208
55,train,A,winter,3,cooling_water,277.26,355.89591307485074,45.00090229858187,2.149616805621505,0.2,578.2979258762344,52.3747273748479,46.8995406697186,0.0031540914866418,0.26810738273335666,0.8388725698306357,85.55018137847642,97.1584038694075
56,train,B,winter,3,cooling_water,277.26,355.8475451069016,45.00209655622347,2.089750673329079,0.212521516332555,2320.100732525561,51.50413202652759,47.68082148084898,0.003063546111854,0.0984739820256017,0.26776670431313787,99.63942307692307,100.0
57,train,A,summer,2,none,294.26,355.85590611243504,45.000001140013886,1.643075509765108,0.2,578.2606312484186,51.2148714026446,47.61481943073001,0.0024023225117523,0.09639299900655132,0.28702096561210055,99.69824984912492,100.0
58,train,A,summer,1,none,294.26,355.81734833026854,45.00119219561217,2.45482706427635,0.2,578.4435151766984,51.54243959345908,46.75735708115796,0.0035656012733749,0.33753977028015414,1.270172831948207,78.13620071684588,90.02389486260454
59,train,A,summer,5,cooling_water,294.26,355.83177847074774,45.00120990226617,2.0644380274684893,0.2035393154134128,578.3106565114813,51.45783083680817,46.81681676710441,0.0030135489984492,0.1158860955225092,0.3699444479905677,98.09523809523809,100.0
60,train,A,winter,4,pulse_feed,277.26,355.8046381036556,45.00104289141469,2.1189517635892043,0.2,578.3037444944365,51.291167010765975,47.46133808458227,0.0031213061474525,0.09985378657405619,0.3612463049115148,98.18071558520315,99.87871437234688
61,train,A,winter,4,none,277.26,355.82118839219487,45.00000667866072,1.933126030231589,0.2,578.2608604611423,51.3898429893145,47.3571313831043,0.0028205004156591,0.17040439791957038,0.4935071709042858,95.34598897734232,100.0
62,train,B,winter,1,none,277.26,355.81231032272444,45.00001158496436,1.8409642986601813,0.2,2319.684924835686,51.77989708628662,46.52675989688304,0.0026872875110238,0.2168973809317239,0.6880134194569844,92.19035997559487,97.3764490543014
63,train,B,winter,1,cooling_water,277.26,355.81561782502143,45.000004769742,1.7543912033903926,0.2,2319.6920225777067,51.53047180631991,47.48733217833477,0.0025778814954849,0.16412412807214619,0.528344960782467,94.13919413919413,99.63369963369964
64,train,A,winter,3,feed_temp,277.26,355.8050367884507,45.00032486943456,1.733608021711676,0.2070160825153607,578.2740286567081,51.1956293167114,47.590234396516735,0.002563726945568,0.2386547908831706,0.6458480796640629,88.62131246237207,99.578567128236
65,train,A,winter,5,none,277.26,355.80265517480905,45.00071637428106,2.2650983392594566,0.2,578.3222678140066,51.59330738004734,47.092944124624935,0.0033603507101276,0.21066899115892804,0.7085216101799687,87.6357056694813,98.79372738238843
66,train,A,summer,3,none,294.26,355.79304685247763,45.00042686310651,1.9552911186984652,0.2,578.278249668797,51.07961082148697,47.3303399947267,0.0028617004993297,0.08642645251404496,0.32551852273562076,99.63985594237695,100.0
67,train,A,summer,5,feed_temp,294.26,355.81412069543575,45.00000010346089,1.7580541328093715,0.2,578.2605883515197,51.35257261958,46.836430600497536,0.0026089772123409,0.20786367580694934,0.6115559060796585,90.94202898550725,99.7584541062802
68,train,A,winter,2,feed_temp,277.26,355.8045260460366,45.00053357270932,1.955584434084262,0.2239242986789079,578.2826658735233,51.39214768303124,47.79618053259262,0.0028659208062432,0.09067467697012435,0.3314265457849811,99.22248803827752,100.0
69,train,A,summer,5,none,294.26,355.79157878075824,45.002861004845656,2.227733578044028,0.2,578.3789932805623,51.05406233022862,47.39503349651879,0.003258685764676,0.07895187796924673,0.30262664171151527,99.16617033948779,100.0
70,train,A,winter,2,none,277.26,355.81799859500035,45.00002683962479,1.6533240339825692,0.2,578.261694808092,51.43346575755131,47.897347621379794,0.0024155364325356,0.10511683970217739,0.3323033496403409,99.08647990255785,100.0
71,train,A,winter,4,none,277.26,355.77690010735364,45.00109394680586,2.05650610998495,0.2057226250005049,578.3058574989744,51.2176620602815,47.52232093749007,0.0030441253917506,0.22681017462750536,0.7511838610709215,85.50811785929045,98.31629585087191
72,train,A,winter,3,none,277.26,355.83932287367105,45.0000751780873,1.804600786090956,0.2183421909701735,578.263695263866,51.5301102622696,47.38125052433558,0.0026409507604985,0.19790324945153606,0.528198086691824,94.40433212996389,100.0
73,train,A,summer,4,none,294.26,355.81816371355706,45.00000222497341,1.9571083992778,0.2,578.2606761486389,51.512589418848414,46.85465411396724,0.0029295804247103,0.21205510868760188,0.5449319125108445,93.595166163142,99.57703927492447
74,train,A,winter,1,none,277.26,355.81697601719395,45.00004725939549,2.1102157054276263,0.2,578.2625398663855,51.41025341889309,47.32876073265581,0.0030845473069038,0.2934812670723944,0.940858886346561,81.16646415552854,96.11178614823815
75,train,B,winter,2,none,277.26,355.8467216014253,45.00000370699983,1.9973424315474992,0.2,2319.6833538341475,51.419775261980654,47.78543000675453,0.0029154111653869,0.11355928458232406,0.2793633511824507,99.69306322897484,100.0
76,train,A,winter,5,feed_temp,277.26,355.8439971172049,45.00018801363412,2.099722908671554,0.2,578.2683649087246,51.87879848935312,46.439060657972135,0.0030743251578147,0.30076701438971526,0.9915217431453864,78.26876513317191,95.27845036319611
77,train,A,summer,1,none,294.26,355.82347891451275,45.00370256119994,2.1109223115472764,0.2,578.4138263212942,51.85496148526882,45.48061831596746,0.0030802007415937,0.19930961975299083,0.521214152159257,94.20203227734608,100.0
78,train,A,summer,5,feed_temp,294.26,355.77050129249227,44.99999999999997,1.856883322636668,0.2,578.2605840699185,51.49925648172796,46.59574258953384,0.0027274689144787,0.3806280429775054,1.200336449030851,72.72178636089318,91.43029571514786
79,train,A,summer,1,pulse_feed,294.26,355.81617637887456,45.000004762163066,1.8191695817540867,0.2,578.2607811483474,51.18063343363264,47.03474295930598,0.0026608673760238,0.2109902571515229,0.5112066060713799,94.45114595898673,100.0
80,train,A,winter,1,none,277.26,355.81493429491763,45.00000546410481,1.724129117324312,0.2,578.2608101976997,51.42207463126624,47.26560629531984,0.0025557171264672,0.21973224375241626,0.5716403491242573,92.13075060532687,99.93946731234867
81,train,A,winter,3,cooling_water,277.26,355.83501198422715,45.00106874181336,1.988232316578196,0.2,578.3048143515629,51.46480980740637,46.99264033598109,0.0028983417818875,0.18667799115848044,0.5526855166922527,93.83770591824283,100.0
82,train,A,winter,3,none,277.26,355.8127646497179,45.00068264033888,1.7495733645650242,0.2,578.2888351167803,51.71136839525758,47.016521075925056,0.0025524237430528,0.19960247607047296,0.561625768853844,93.05301645338209,100.0
83,train,A,winter,5,cooling_water,277.26,355.7025126075496,45.00032226077504,1.7791095293498191,0.2002564456937027,578.27392069747,51.41894211503086,47.25472349372831,0.0026222269785213,0.29256611505096647,0.9303933200478695,77.30838865419433,96.86179843089921
84,train,B,winter,2,none,277.26,355.8031857859269,44.999999999999964,1.6982233350819949,0.2168343165981211,2319.682614595238,51.26708748191199,47.62671592241841,0.0024742410350479,0.16043080134298934,0.5062327465363694,94.73046638400969,100.0
85,train,A,summer,4,none,294.26,355.7912010355712,45.00212399155551,2.119106945546445,0.2185989286541628,578.3484886408946,51.435454141859545,47.147276608461056,0.0031202732181964,0.294446550505112,0.8623576857471278,83.27402135231317,96.55990510083036
86,train,A,winter,1,none,277.26,355.8146956961183,45.001326896341865,2.3846070142721065,0.2,578.3154985378014,51.94686957777734,46.8382627077704,0.0034939190833366,0.2703272199391555,0.870026921207295,83.92749244712991,96.79758308157099
87,train,A,winter,1,none,277.26,355.7290434497462,45.00166091237679,2.4322114959233474,0.2,578.3293225982032,51.25339225546492,47.577326679758286,0.0035483206545768,0.29763286364080366,1.1599354982486716,78.49331713244229,91.06925880923451
88,train,B,summer,2,pulse_feed,294.26,355.81501756549613,45.00015466109031,2.0248502800707397,0.2,2319.713456814016,51.4377539925024,46.65738490841605,0.0029804031145745,0.26877836337979,1.0335310102127886,85.95337716676629,94.68021518230724
89,train,B,winter,1,none,277.26,355.8269755694764,45.00062505523095,2.021066601669617,0.2,2319.8072638424032,51.52117824589498,47.25390749799304,0.0029511124814558,0.1610041667114918,0.4405109362706752,96.68508287292818,100.0
90,train,A,summer,3,pulse_feed,294.26,355.7980014974527,45.00116990434814,2.12194743817084,0.2,578.3090011268365,51.7254450538354,46.00392126066341,0.0031043725246191,0.3642335954758379,1.2196159652804197,76.90476190476191,91.07142857142857
91,train,A,winter,1,none,277.26,355.80853953622454,45.00011460345426,1.7386322839473736,0.2,578.2653268606745,52.032424189078206,46.98191643635208,0.0025703435220565,0.19722470456454494,0.6040948182326699,91.0248635536689,99.87871437234688
92,train,B,winter,5,none,277.26,355.8088362940821,45.00031309977195,2.1362272757034577,0.2266532799488637,2319.745052678292,51.85660363862061,46.54578127464219,0.0031183327586934,0.24490158875740867,1.0237012311293596,83.17365269461078,94.73053892215569
93,train,A,winter,2,none,277.26,355.81336494482053,45.00303161591078,2.273636651284582,0.2148651945679876,578.3860549583218,51.19181712372432,47.64163397406132,0.0033459677462437,0.11789982195287109,0.47049040216582794,95.26378896882494,99.40047961630695
94,train,A,winter,3,none,277.26,355.8504192328647,45.00005781450133,2.1462718890218824,0.2045381807212619,578.2629766825594,51.56774828696606,47.00563857713851,0.0031245047136351,0.18363615348963783,0.5218584801330337,94.32367149758454,100.0
95,train,A,winter,2,feed_temp,277.26,355.79529212591376,45.00153892737442,2.262913447724935,0.2,578.3242739267574,51.5286147363772,47.266794506682366,0.0033288939601955,0.2399494732698693,0.7053833077556646,87.24304715840387,98.42805320435308
96,train,A,summer,3,none,294.26,355.85792327774146,45.00069995891336,1.883326262758824,0.2224769580281837,578.2895518582507,51.42759708021691,46.91446556921097,0.002748596127015,0.09656871779519556,0.293774401052576,99.46714031971581,100.0
97,train,B,winter,4,none,277.26,355.69946335870816,45.000063884414615,2.0436581808276078,0.2201637479431684,2319.7889921631486,51.50159441137343,47.13379102250193,0.0030178678306292,0.20694482543777257,0.779463478535079,85.78342407743497,98.79007864488808
98,train,A,winter,5,pulse_feed,277.26,355.8027136370909,45.00017976360878,2.012534251820387,0.2205762081947393,578.3134029139545,51.46286550629254,47.02130763732092,0.0029641810067101,0.2806684889922762,0.8657482071415753,77.14113389626056,98.67310012062727
99,train,A,winter,1,none,277.26,355.7488087910222,45.0006945970872,1.9644855890497397,0.2065144711796087,578.2893299552176,51.51830674181159,47.40904837678133,0.002878872459507,0.2189453761560004,0.7612800404009247,87.08708708708708,98.43843843843844
100,train,A,winter,5,none,277.26,355.799350820284,45.00045580593597,2.0194492318173216,0.2,578.2794474729333,51.46765615488123,47.23963401855863,0.0029700591984042,0.2894692537198437,0.8872197698599102,81.73543689320388,96.72330097087378
101,train,A,summer,4,none,294.26,355.8347718881372,45.000997854659154,1.93159660798228,0.2,578.3018805847994,51.655352853959805,46.96581132693687,0.0028285463864636,0.16526933467973817,0.44430561250667305,96.89181111775254,100.0
102,train,B,summer,4,none,294.26,355.8102075869378,45.00055711401999,2.151614645001988,0.2,2319.7937146781337,51.3550150492503,46.62234310802615,0.0031733735666973,0.25012909533335465,0.857005019748547,81.97604790419162,98.20359281437125
103,train,A,summer,1,cooling_water,294.26,355.8193271890281,45.000069371517526,1.9654355482636008,0.2,578.2634549624725,51.46495913896574,46.59082251174066,0.0029197771004043,0.19108743528029534,0.49076752456857364,95.40023894862605,99.8805256869773
104,train,B,summer,1,feed_temp,294.26,355.8252603262418,45.00047583933846,1.931163582966276,0.2252792909375004,2319.8392587157223,50.90428701433865,47.84160104345671,0.0028395999180803,0.15839749241080175,0.4241163520059955,99.46492271105826,100.0
105,train,B,winter,1,none,277.26,355.73022115408463,45.00061942355029,2.214537077565851,0.2029944889488178,2319.806140743118,51.40251321745205,47.40917003738113,0.0032685991105048,0.20622224897109528,0.7028038450770282,87.95906080674293,99.51836243226971
106,train,A,summer,2,pulse_feed,294.26,355.8555062562573,45.00063804483607,2.260027966175812,0.2180106608733881,578.2869895031683,51.95471600008696,46.40408882484648,0.0033419423239927,0.21160258957498912,0.5603782112980553,93.00947867298578,99.94075829383885
107,train,A,winter,5,pulse_feed,277.26,355.77497937839735,45.00095098572481,2.287080270324768,0.2,578.2999408525462,51.09852917477463,47.48991238120002,0.0033717567809712,0.10557396327267066,0.4155130821421263,97.70669885334942,100.0
108,train,B,summer,1,cooling_water,294.26,355.85714967405426,45.00005150571524,1.8434928843650664,0.2,2319.7980593761577,51.42389711312025,47.14434276525817,0.0026995360297972,0.09933325482328749,0.27255106881305835,99.81884057971014,100.0
109,train,B,winter,3,none,277.26,355.7360354152812,45.00161691440165,2.146008264778628,0.2021778032978322,2320.005072077397,51.18018985670282,47.66582250329628,0.003133531243572,0.16788936358400838,0.6312203463339185,91.82200841852075,99.81960312687913
110,train,A,summer,1,cooling_water,294.26,355.8116516850948,45.00023119623124,2.145913227969479,0.2166832466181422,578.270152006954,51.62243263423937,46.7441974007555,0.0031405118288485,0.07996226771594991,0.32404058644170824,98.68969624776652,100.0
111,train,A,winter,5,none,277.26,355.7437975256119,45.000058631391454,1.8247458233396636,0.2,578.2630104890627,51.50617531169522,46.87088073774955,0.0026745442470461,0.21385662625788424,0.7026269532310605,87.14981729598051,99.81729598051157
112,train,A,winter,5,none,277.26,355.7909536555902,45.00187027584707,2.0218865909564143,0.2,578.3379877320826,51.43704181161343,47.38992059333559,0.0029483262372285,0.1965744494897955,0.6285436623299461,90.18890920170628,100.0
113,train,A,summer,5,none,294.26,355.81729394875754,45.00021091563957,2.047749144160284,0.2024237991667687,578.2693127005474,50.80904277666972,47.92429706804149,0.0030106432585256,0.13811697877476545,0.4547473906003887,97.79236276849642,100.0
114,train,A,winter,1,none,277.26,355.80794532598856,45.00000006295472,1.7307447299129153,0.2,578.2605866751576,51.85729462446093,46.72965567962762,0.0025454435055103,0.21445063737121955,0.6741164239932032,90.19607843137256,99.01960784313727
115,train,A,winter,4,none,277.26,355.8165993441904,45.000418921635,2.0159090281844736,0.207273931552395,578.3376039833216,51.38553526894607,47.36041350581896,0.0029916117641121,0.24802166761121985,0.6439973119786941,88.49182313749243,99.75772259236825
116,train,B,winter,1,none,277.26,355.8179894201524,45.00007604035884,2.2427311265834016,0.2,2319.697778378953,51.84171133420068,47.364416908878205,0.0033042253831981,0.22285884980404164,0.771658876986612,89.33734939759036,97.71084337349397
117,train,A,summer,3,none,294.26,355.79601051598274,45.001621012194434,2.105590059488112,0.2,578.3276712203613,50.90751453581095,47.15894937059826,0.0030748650131782,0.0832924417292287,0.30934779573223636,99.46140035906643,100.0
118,train,A,winter,1,none,277.26,355.81829153036165,45.00034008621008,1.9201019131953536,0.2,578.359334088256,51.23209496467865,47.625185531175816,0.0028065905372487,0.37976140303865075,1.1466899458957187,73.1306990881459,89.66565349544074
119,train,A,summer,3,none,294.26,355.81547935235835,45.00000000000264,1.870632593903348,0.2217576178002008,578.2605840699011,51.36362464499571,46.97747649009393,0.0027308636911593,0.21088612421308572,0.5213454199753241,94.16365824308063,100.0
120,train,A,winter,5,none,277.26,355.8277010364719,45.00000774662088,2.0025045709988305,0.2,578.2720549276621,51.70947079743934,46.68892989644052,0.0029168579982424,0.19035262207067047,0.5330854265437011,93.8036809815951,100.0
121,train,B,winter,4,none,277.26,355.8759050278253,45.00000289638072,2.1412785971867216,0.2104462610777262,2319.683192183041,52.23225938444771,47.06072615710032,0.00315619597528,0.21805779097497133,0.6833427006748726,89.11729141475212,98.73035066505442
122,train,A,winter,3,none,277.26,355.8141580558513,45.000142946052215,1.9805988364197784,0.2,578.2808972281172,51.253081199421054,47.460547586736105,0.0028888936840976,0.1862801098842918,0.6003094099800591,91.0030395136778,99.93920972644376
123,train,A,winter,3,none,277.26,355.7409878535271,45.00006598336885,1.7264570462246849,0.202256832750205,578.2721657528036,51.37206205010652,47.13670669526925,0.0025309787038074,0.18131510286970123,0.620137991628158,91.21212121212122,99.93939393939394
124,train,A,summer,4,none,294.26,355.7882003422502,45.00031166953103,1.868772320018444,0.2,578.2734823797512,50.95858367811647,47.43122695894724,0.0027269533274917,0.09974373059764985,0.3740486698104802,98.1547619047619,100.0
125,train,A,summer,2,none,294.26,355.8240530935853,44.99999999999997,1.8433418857945465,0.2180364541356115,578.2605840698754,51.80034491611944,45.75726020759688,0.0026996803841976,0.31492434185504653,0.9707051999769192,79.23399162178336,95.51166965888689
126,train,B,summer,5,none,294.26,355.7831850465682,45.0023377882291,1.999998220036056,0.2079323451430655,2320.1488453203683,51.51950934791058,46.35101503160995,0.0029181802946303,0.18324135812193137,0.5089605100981884,94.71496437054631,99.8812351543943
127,train,B,summer,5,none,294.26,355.8444211352,45.00064246357167,1.937242149342124,0.2,2319.810735507345,51.40076879239694,47.02254050086719,0.0028320553410495,0.10497444478855827,0.33220574975342737,99.22155688622755,100.0
128,train,A,winter,3,none,277.26,355.81377718908993,45.00067655677075,1.95256398525129,0.2069861544609098,578.2885833441754,51.46885001289039,46.97311248376244,0.0028843913187354,0.2124923033964734,0.5531737269971586,93.55809753160746,99.69897652016857
129,train,A,winter,2,pulse_feed,277.26,355.81371818926414,45.00016100058284,2.1966865278081795,0.2190158189027472,578.585225093318,51.42778833123107,47.273588896350326,0.003246163400348,0.2892837117652712,0.8083827317606046,81.4207650273224,99.08925318761385
130,train,A,summer,1,none,294.26,355.8100225179815,45.00058803159381,2.147731618842975,0.2,578.2849196779798,51.19670381678562,46.815881416085546,0.0031259325836394,0.18972632952246243,0.5713136992678812,92.76315789473685,99.88038277511961
131,train,B,summer,4,none,294.26,355.79295854411384,45.00401736927846,2.3545984188889437,0.2065538319709836,2320.4838524526917,51.30875628267981,46.56761879794225,0.0034643119157453,0.11646356087713564,0.46318848527244244,95.78384798099762,99.10926365795724
132,train,B,summer,4,none,294.26,355.8541639778752,45.00107440936506,2.173041166309101,0.2,2319.935550279105,51.9872362428298,46.67942016077146,0.0032119729469283,0.1936546295985261,0.6626227095334059,90.71856287425149,99.76047904191617
133,train,A,winter,4,none,277.26,355.72515113070284,45.00000594518014,1.886778243828421,0.224827146862029,578.2608301066231,51.32239661925682,47.54148535452001,0.0027916303916511,0.3583404540571814,0.7910035032084011,74.69879518072288,98.855421686747
134,train,B,summer,2,none,294.26,355.83027434946086,45.00111659666396,1.813299834043269,0.2119341809835,2319.905291210191,51.88594175625758,46.07761402174624,0.0026815197469919,0.2164736208632366,0.6122680358961696,90.81209247184351,99.4665085951393
135,train,B,summer,3,none,294.26,355.8455850135144,45.001418078015554,1.8023515000361805,0.2113947202948051,2319.965416750037,51.23636126008077,47.53813282253971,0.0026380696663929,0.09165180267035995,0.34133192873085816,99.04931669637553,100.0
136,train,A,winter,2,none,277.26,355.87191190575925,45.0001450146741,2.4576573052980546,0.2,578.2665854142506,51.99052321371577,47.09239380969736,0.0035637072727986,0.27897690972651507,1.06383042308252,81.85679611650485,94.1747572815534
137,train,A,summer,3,pulse_feed,294.26,355.8250634259343,45.00148225616301,1.9212552371025289,0.2216874838990337,578.3219284497831,51.454345958445735,46.896095199514335,0.0028033283155667,0.10954751689733225,0.3665268259443223,98.69281045751634,100.0
138,train,B,winter,2,none,277.26,355.7113891976475,45.000093793771086,1.9144582920326196,0.2127699205706956,2319.903164165972,51.45648237662305,47.45365975082287,0.0027863366761321,0.2296678222500126,0.9247827336575251,86.93284936479128,95.94676346037507
139,train,B,summer,4,none,294.26,355.8279690405755,45.00000164847378,1.7212496817848275,0.2070323313747947,2319.6829433291714,51.58564923882873,46.45286634536526,0.0025603351689672,0.2396865268949941,0.6637582371277773,88.68263473053892,98.9820359281437
140,val,B,winter,1,cooling_water,277.26,355.7697157410586,45.00302383434755,2.203195838190067,0.216360142023972,2320.2856787502114,51.05675090221499,47.80753172578941,0.0032507244667109,0.08734450140556344,0.40650133633046437,97.23889555822329,99.93997599039616
141,val,A,summer,1,none,294.26,355.8107385650367,45.00001056659224,1.9311390131407875,0.2,578.2610213603657,51.0870191304706,47.27276068770934,0.0028147159507611,0.09790158681518614,0.3503778783242634,98.32535885167464,100.0
142,val,B,summer,1,feed_temp,294.26,355.79590205016774,45.00280421802656,1.9944694003430008,0.2171568227339995,2320.2418751128835,50.87774074219855,47.46209385545643,0.0029140896513005,0.09121552525433756,0.3866378737566549,97.74614472123369,100.0
143,val,A,summer,4,feed_temp,294.26,355.76356964612853,45.0004242274642,1.7199562633452783,0.2199478862383944,578.278140592338,50.8216135972203,49.05963051930721,0.0025286059428378,0.12497831173246615,0.4377336285385752,98.50746268656717,100.0
144,val,A,winter,2,feed_temp,277.26,355.83225045259684,44.99999999999998,1.7497375658006438,0.2202963875026649,578.2605840698322,51.46450064841644,47.86577983590018,0.0025622168433887,0.09665504703792174,0.2721972147238546,99.57627118644068,100.0
145,val,B,summer,5,none,294.26,355.8077055898177,45.00195032608562,2.1564896201163286,0.2,2320.071567858919,51.51211744871808,46.71231885149325,0.0031700253284114,0.18201871341563347,0.5736924237788628,93.67164179104478,99.40298507462687
146,val,A,winter,4,none,277.26,355.8338533481384,45.00017939241746,1.6570958408577312,0.2042529581488254,578.2879784409365,51.68549478034341,47.3728394371731,0.0024291944588868,0.14991216614935093,0.5008518016226446,94.9121744397335,100.0
147,val,B,summer,2,none,294.26,355.7700368522532,45.00074671615904,1.7265018910220271,0.2065520811773196,2319.831526203114,51.2942814600273,47.24694439645714,0.002552046798941,0.18079356730906612,0.6200767592002421,91.4540059347181,99.64391691394658
148,val,A,summer,4,none,294.26,355.7994631894729,45.00121132250671,2.25654012081165,0.2115126620114506,578.3107152907182,51.71263829651885,46.26924239239772,0.0033435508069108,0.2661803197503576,0.7518524088085825,86.0781990521327,98.10426540284361
149,val,A,winter,3,none,277.26,355.8146260493162,45.00069219501024,2.0644042442025308,0.2,578.2892305435109,51.46887568602981,46.8224668349539,0.0030110670383563,0.2138408940892522,0.5647095523736879,92.33110164333537,100.0
150,val,B,winter,3,none,277.26,355.83007789616016,45.00112633904503,2.2372621491477145,0.2,2319.9072341507745,51.3738371958022,47.30897815383262,0.0032833136390176,0.10348939474706971,0.4306941088505934,96.35258358662614,99.75683890577508
151,val,B,winter,5,none,277.26,355.83429055889934,45.002309597561165,1.901262990236938,0.2,2320.1432227608857,51.17969500901586,48.10191121803777,0.0027954048401196,0.0878912392548931,0.31166523673850166,97.1934106162294,99.75594874923735
152,val,B,winter,3,cooling_water,277.26,355.8358549088732,45.00000603183787,1.784196462548091,0.2192393608526082,2319.683817447009,51.53416332210206,47.6814604647872,0.0026052574990576,0.10348665506431373,0.4131407353216559,97.64776839565742,100.0
153,val,A,winter,5,none,277.26,355.8163873048202,45.00288742453108,2.1058799893790114,0.214895946454523,578.3800868005626,51.16498186919748,47.66368823649044,0.0031033987778503,0.300189100304987,0.8911741647561939,79.83193277310924,96.63865546218487
154,val,B,winter,5,none,277.26,355.7945425817361,45.002319382615866,2.137880899421996,0.2,2320.145174364911,51.46945705257764,47.04693948481835,0.0031179317241468,0.12925900271532878,0.4743280129534579,95.5944477972239,100.0
155,val,A,winter,1,none,277.26,355.8033116888334,45.00080347155018,2.030571595652103,0.2,578.2938358154557,51.54496403413896,46.9097969323208,0.0029655074091374,0.1057321113071137,0.3992801760629163,97.37964655697745,100.0
156,val,B,summer,2,none,294.26,355.8395211488875,45.000005283284665,2.0363700015069264,0.2180281417491876,2319.6916181150827,51.57250686657527,47.08225833781649,0.0029727670997033,0.17399860457019176,0.43601215633416623,97.07287933094385,100.0
157,val,A,winter,1,none,277.26,355.8280849911913,45.00000012587367,1.8517988975725916,0.2022746790313616,578.2605892789566,51.34586934286712,47.74521514795664,0.0027464519616864,0.10636994093835712,0.3651160926753419,98.2360097323601,99.87834549878345
158,val,A,winter,2,none,277.26,355.7070314832011,45.00102445634983,1.9206254376073115,0.2245771654881682,578.302981532768,51.495231322126905,46.97425781047576,0.0027953809692912,0.3683856171230853,1.2881219877228431,71.97604790419162,88.562874251497
159,val,B,summer,4,cooling_water,294.26,355.7935370043198,45.00008795932417,1.7642419669315654,0.2004073600905718,2319.7001552370275,51.34316846956029,46.76275929711918,0.0025820428790573,0.15367999912489708,0.4825173281800659,95.64439140811456,100.0
160,val,A,winter,3,none,277.26,355.83042002451754,45.00241680941084,2.130336463741769,0.2,578.3606080984196,51.47668414960672,47.15240537235521,0.0031133777060351,0.11129053131945202,0.4025365341705083,97.86715417428398,100.0
161,val,A,winter,3,feed_temp,277.26,355.8257702688141,45.003205495989874,2.1436140020837247,0.2045018294136256,578.3932520058664,51.7590702788047,47.04296068805078,0.0031148699859097,0.1774480145920349,0.6160439199471739,90.9692956050572,99.87959060806743
162,val,B,winter,2,none,277.26,355.8230740086478,45.00069134844783,1.7098769181501163,0.2,2319.8204844138268,51.5028787786547,47.42164911482217,0.0025150054049287,0.22405143966028784,0.633811978975973,91.48936170212765,99.3920972644377
163,val,A,winter,2,feed_temp,277.26,355.83225624540535,45.000014332210704,2.0263258425667523,0.2,578.2611771977234,51.88775285022015,46.5622150484222,0.0030040723441899,0.19592863327088356,0.5637576665086925,92.29828850855746,99.93887530562347
164,val,A,summer,2,none,294.26,355.8168135442206,45.00011201795003,2.0051602433568925,0.2,578.2652198609185,51.29889836927899,47.00213610805792,0.0029517087624559,0.0906354329374294,0.32217414218798673,97.36999402271368,99.52181709503886
165,val,A,winter,5,none,277.26,355.8198942529397,45.00011878407431,2.0731177608175426,0.2,578.2654998734725,51.7179536368226,47.082048734729135,0.003017227513042,0.1857106194864913,0.5198344665586432,94.03166869671132,100.0
166,val,A,winter,4,cooling_water,277.26,355.839464298614,44.999999999999964,1.762694893226082,0.2,578.2605840698867,51.26389644916744,47.76952320224408,0.0026386615021389,0.11261029308606602,0.37375029919010655,98.23062843197071,99.81696156192801
167,val,A,summer,5,none,294.26,355.8444797060892,45.0005014437939,1.6618705503553834,0.2241266658581085,578.2813362074612,51.55482095785534,46.89031452839348,0.0024295599427692,0.16377432689848084,0.485647544796211,95.38188277087033,100.0
168,val,A,winter,1,none,277.26,355.7957409442358,45.00005984464512,1.667319473618002,0.2,578.2630606987572,51.18656098308415,47.64110488473776,0.0024350765366008,0.1770834896445342,0.4972298042583077,95.22935779816514,100.0
169,val,B,summer,3,none,294.26,355.8440306317105,45.00000154251715,1.7909843608915388,0.2248479250786898,2319.6918960762714,51.21846505315664,47.53679223825198,0.0026205042480757,0.08861124697657652,0.2870657864066999,99.58233890214797,100.0
170,test,A,summer,2,none,294.26,355.7615986987369,45.00001506340203,1.85126634534984,0.2022600653849207,578.2612074574905,51.58372568100575,46.80664388925111,0.0027701810458682,0.23264024162582592,0.7493756198465118,85.92725104353012,99.04591532498509
171,test,A,summer,5,none,294.26,355.8037086113979,45.000244167171125,1.866399475096559,0.2289717917152253,578.2706888060266,50.83294181992397,48.18130181485004,0.0027408171781442,0.1513413543871344,0.431679461786416,98.87240356083086,100.0
172,test,B,summer,3,none,294.26,355.8388355087938,45.000117486779445,2.241087474638522,0.2,2319.706043555524,51.29604031779061,47.41988674333309,0.0032680730296676,0.09825286436664993,0.2603560781810926,99.76119402985074,100.0
173,test,A,summer,2,none,294.26,355.8457818432493,45.000000260850015,1.7452531038415218,0.2129024297094879,578.2605948648813,51.37681611626087,47.375629724910425,0.002552542003557,0.09615353265218003,0.27761977723113196,99.70041941282204,100.0
174,test,A,summer,2,pulse_feed,294.26,355.8186714878829,45.00000810790242,1.7614780099834837,0.2,578.2772841507316,51.2965268492509,46.92527972931008,0.0025842946444936,0.257128763980347,0.915176780121183,85.61811505507956,96.14443084455324
175,test,A,summer,4,feed_temp,294.26,355.8699229265027,45.00000371754801,1.7714176587371808,0.2,578.26073791774,51.90717612299073,46.86348764547082,0.0026159216414609,0.18050914072849555,0.4883759184376001,95.24954900781721,99.5189416716777
176,test,A,summer,1,none,294.26,355.81930042826923,45.000059983028784,2.0011186476689997,0.2,578.2630664257335,51.21133374597086,47.2270430877009,0.0029984925877893,0.2405560275519706,0.5959808619082932,91.72661870503596,99.76019184652279
177,test,A,winter,5,none,277.26,355.84736088239765,45.00016746399783,2.329594494383077,0.201793397017915,578.2675144699427,51.932590798377845,46.48337428172793,0.0034099284448464,0.2836045065504351,0.9549533193635426,82.02653799758745,96.07961399276238
178,test,A,summer,2,none,294.26,355.73891866347645,45.00000048618812,1.8593274844597905,0.2,578.2606041903772,51.327745441235024,46.97475186295231,0.0027723141064239,0.18531083239982607,0.6255433785560314,90.39855072463769,99.7584541062802
179,test,A,winter,3,none,277.26,355.78698313785173,45.00085813520542,2.170627578449253,0.2030264831765321,578.299305504928,51.1356564799584,47.25220820763219,0.0031666190815903,0.12299127688931007,0.5066099752399189,94.87334137515079,100.0
180,test,B,summer,3,none,294.26,355.8497329512938,45.00394334829351,2.1712759695021715,0.2183337610931506,2320.46908754058,51.374941933612206,47.3125324663444,0.0031770676227848,0.08923412340139962,0.2619352366168982,99.70326409495549,100.0
181,test,A,summer,4,none,294.26,355.7745235011873,44.99999999999998,1.7823834042773146,0.2,578.2605840698477,51.30644344433207,46.81309453565504,0.0025977412584522,0.19656147448699182,0.6560114546708178,90.12719563900666,99.93943064809207
182,test,A,summer,4,none,294.26,355.8206679907832,45.00000081736858,1.8069003494117837,0.2191655260823779,578.2606178959805,51.70284303734201,46.24057726816078,0.002635533993927,0.19901865255248133,0.5010204689196501,94.97607655502392,100.0
183,test,A,winter,1,feed_temp,277.26,355.7151104190435,45.00027789517023,1.807797901870352,0.2,578.2720846323447,51.334114130764384,47.52600377092577,0.0026625061553815,0.32335088813765733,1.0291305863644595,73.1280193236715,94.26328502415458
184,test,B,summer,2,pulse_feed,294.26,355.8102129353261,45.00000029238873,2.188950331043869,0.2,2319.682672902493,51.41740251751421,47.13211099419835,0.0032289010095617,0.0950900037134901,0.333369723573969,98.91369945684973,100.0
185,test,A,summer,3,cooling_water,294.26,355.83386656440297,45.00125011413063,1.93730830090298,0.2,578.3123207540784,51.20545916282772,47.04530730470182,0.002828030444589,0.17758247344486466,0.4795180848368204,95.59261465157832,100.0
186,test,B,summer,3,cooling_water,294.26,355.8602567486786,45.00139924995032,1.9320786220119637,0.2,2319.961661764331,51.3791971695812,46.94291694964118,0.0028301964051091,0.11112735377534284,0.29244495681140276,99.81981981981983,100.0
187,test,B,summer,4,cooling_water,294.26,355.83467396426704,45.00087465050499,2.0370622564308003,0.2,2319.8570398561897,51.25439785051066,47.63693395544527,0.0029891386711778,0.16858018997972726,0.48130231464945133,97.19904648390941,100.0
188,test,A,winter,1,feed_temp,277.26,355.8150231366177,44.999999999999964,1.7481886507794615,0.2118316385659672,578.2605840698549,51.162109784591934,47.664362131508135,0.0025972709486136,0.31756986099626255,0.912035293910776,77.89921068609593,97.14632665452338
189,test,A,summer,3,none,294.26,355.8205808269675,45.00058575081476,1.6910970548846531,0.2276921666826709,578.2848252868389,51.29113086275255,46.64995487475363,0.0024673447767497,0.2141315131690851,0.6471064203976311,89.67359050445104,99.7626112759644
190,test,B,winter,5,none,277.26,355.81688746827405,45.00003881853453,1.7239531387821527,0.2280174375998041,2319.89142749686,51.28789734677805,47.57709375210146,0.002550373357142,0.18443439776412227,0.578108109162585,92.10206561360876,100.0
191,test,B,winter,2,none,277.26,355.8154122332656,45.00103813779495,1.9860000462075305,0.2087623041172968,2319.8896440637054,51.24842789723781,47.50989431955293,0.0029164206101424,0.173427006175814,0.6469020475506536,92.00721153846155,99.0985576923077
192,test,B,winter,2,pulse_feed,277.26,355.76888866284025,44.99999999999997,1.9763510149639376,0.2,2319.6826145953705,51.32949027463583,47.19808642904686,0.0029171059438897,0.25197146663985914,0.9048234996824388,80.97560975609757,96.89024390243902
193,test,A,summer,3,none,294.26,355.816198878862,45.00001813040107,2.236910017328956,0.2,578.2613343830477,51.37067806979119,46.77273194239464,0.0033225522962323,0.245901706605051,0.7039606756030875,87.48510131108462,99.40405244338498
194,test,A,summer,4,feed_temp,294.26,355.8161722482569,45.00002881068352,1.823465706894292,0.2084522491870644,578.2617763789359,51.11274710329456,47.339271939480646,0.002659304574714,0.08935194612742693,0.35063428511080585,99.4026284348865,100.0
195,test,A,summer,5,pulse_feed,294.26,355.8045825874307,45.00028822837447,2.126588863263928,0.211504606375191,578.2725122703688,51.08933033474911,47.23839510724663,0.0031365025763491,0.08485582177692094,0.2981766127206697,99.46428571428572,100.0
196,test,A,winter,1,none,277.26,355.75929191561994,45.00032019201339,2.135127588133224,0.2,578.2900667236071,51.37359564128905,47.373425840623234,0.0031660755436661,0.20146665490104035,0.6920207477835333,88.32826747720365,98.90577507598785
197,test,B,winter,5,none,277.26,355.8072917457349,45.00145972829797,2.4345023481794,0.2,2319.973723313364,51.45689249937439,47.73202791484498,0.0035364867470655,0.2826121519643588,1.2319522221683767,83.01088270858524,91.65659008464328
198,test,A,summer,5,none,294.26,355.81915877664886,45.00006918614874,1.7976524653094064,0.2,578.3825950187135,51.305381432621495,46.87266797682267,0.0026589423093165,0.1656650171332603,0.47374131292555133,95.74468085106383,99.63525835866261
199,test,A,winter,1,pulse_feed,277.26,355.8364768627836,45.000105008249065,2.281737889753291,0.2,578.2741105192488,51.816078796156006,47.42329903937308,0.0033673245980483,0.1290709379881144,0.44105327659643756,96.62369551872314,100.0
200,ood,A,winter,5,feed_temp,277.26,355.84022101600004,45.00006719576899,1.6891504711506002,0.2,578.2633649204137,51.18421453130017,48.00107256983725,0.0024750313226421,0.10847138799724113,0.2990493060274046,99.63076923076923,100.0
201,ood,B,winter,4,pulse_feed,277.26,355.83905104897565,45.00111773178601,2.3192706364570896,0.2,2319.9055175897192,51.94410164088036,47.14427943108621,0.0033857601699944,0.23437135526189992,0.9348871926054017,86.20060790273556,95.98784194528875
202,ood,B,winter,4,impurity,277.26,355.8438414958333,45.000080775591904,1.9739109425364596,0.2032229112157617,2319.6987226702777,51.364321011133256,47.89497819571726,0.0025229735085007,0.11785379353160945,0.3187997786869231,99.69824984912492,100.0
203,ood,B,summer,5,impurity,294.26,355.8273261721583,45.00026764192571,2.230279777710855,0.2,2319.876427909884,51.05969732598594,47.82319130234104,0.0029851857044295,0.10235264959529737,0.2607863560937176,99.69897652016857,100.0
204,ood,A,winter,4,feed_temp,277.26,355.83676121338846,45.00000390734628,1.5644330210705504,0.2,578.2607457723396,51.206455109157055,47.95594783075751,0.0022868957138487,0.1143882518922707,0.2947243158268975,99.69530773918342,100.0
205,ood,A,winter,5,cooling_water,277.26,355.85012670025327,45.00052923652744,2.309367654187473,0.2,578.3707203380642,51.77835051592574,47.452257435028166,0.0033765658922976,0.08249121506537653,0.3350415089753254,98.5392574558734,100.0
206,ood,A,summer,5,impurity,294.26,355.81676244331067,45.00025183214987,2.1401972930557296,0.2,578.2710060193792,51.5250865670111,47.01514821845859,0.0030118295591541,0.19839762651944798,0.5804673275996574,92.21954161640531,99.39686369119421
207,ood,B,summer,5,cooling_water,294.26,355.82224858205626,45.00185904316531,2.16917907425329,0.2,2320.0533622056355,51.26610670756418,47.620460368589335,0.0031738671937137,0.10017850860823396,0.2707884340140083,99.75772259236825,100.0
208,ood,B,summer,5,cooling_water,294.26,355.8500697667683,45.00040899632645,1.867045274695944,0.2,2319.7641765428275,51.25950169879045,47.61378070758257,0.0027332850955,0.10937183418930421,0.27050387340492815,99.76190476190476,100.0
209,ood,B,summer,5,impurity,294.26,355.78294501859034,45.00001488183534,1.762889336267577,0.2,2319.6855822885173,50.85024058374017,48.1375116645762,0.0023402873835283,0.10735239262048853,0.36420731247900384,98.6244019138756,100.0
210,ood,B,summer,5,feed_temp,294.26,355.8492533122236,45.00002872500947,1.6517178303103086,0.204361981780569,2319.688342857798,51.58161531359804,46.77443073103253,0.0024118002181637,0.13716306714646884,0.42795929581931763,97.36052789442111,99.76004799040193
211,ood,B,winter,5,impurity,277.26,355.8335546018947,45.00000027969291,1.6343057906337697,0.2,2319.6826703705588,51.28633241480506,47.78431501079199,0.0023013571960664,0.18124422950834335,0.515966168669436,94.54656862745098,99.08088235294117
212,ood,A,summer,5,cooling_water,294.26,355.7991139075976,45.00077981098927,2.161728349479934,0.2015686544392104,578.2928566013126,51.0311798872429,48.001067146677485,0.0031464229902581,0.09091101330642462,0.32401026625757645,99.10926365795724,100.0
213,ood,A,winter,5,pulse_feed,277.26,355.7671062189424,45.000011220033,1.9751219831338231,0.2,578.2610484025082,51.34464575846762,47.30643131480613,0.0028995432645795,0.2806882106889687,0.9868391720312185,80.72660098522168,95.19704433497537
214,ood,B,winter,4,feed_temp,277.26,355.8108622137403,45.00000506474193,1.6497717302700072,0.2098691516293238,2319.68362459115,51.68990993393744,47.03273534368124,0.0024468882044532,0.2650333251222885,0.8005229949522231,83.4445118253487,97.45300181928441
215,ood,B,winter,5,pulse_feed,277.26,355.79150620244206,45.00114097953902,2.12236225854714,0.2,2319.9101539328194,51.41293661547847,47.39833199558753,0.0031685101068258,0.18991925410748653,0.5845239108347641,92.19600725952813,99.39503932244405
216,ood,B,winter,5,pulse_feed,277.26,355.8428344518193,45.00001277688645,1.79962897492902,0.2,2319.685162525387,51.22114351374311,48.0179891474136,0.0026330782971437,0.11079011597115958,0.2672684988621597,99.25696594427245,100.0
217,ood,B,summer,4,impurity,294.26,355.77188084784825,45.0000109293518,2.037510191822701,0.2,2319.684794095253,50.81406854090642,47.82994767470208,0.0026785279207202,0.10329741470165188,0.4306553680974332,97.12746858168761,100.0
218,ood,B,winter,5,pulse_feed,277.26,355.8413142359626,45.00000008751646,1.5759723832446226,0.2,2319.6826320474943,51.211880554897405,48.075437466320885,0.0023065965539402,0.12969103629109396,0.3231386505597356,99.63076923076923,100.0
219,ood,A,winter,5,pulse_feed,277.26,355.83355658889724,45.00050709904713,2.015990224543242,0.2,578.2815702518216,51.56827009928402,47.10201788580354,0.0029710799203662,0.14261439338533405,0.40942172267310734,97.6857490864799,99.7563946406821
